DATES,CAR,SGJ,1834,JMMBGL,JSE,,,,,,,,,,,,,,,,,,,,,,,,,,,,,,,,,,,,,,,,,,,,,,
2/1/2018,11.31,50.59,1.3,24,7.05,,,,,,,,,,,,,,,,,,,,,,,,,,,,,,,,,,,,,,,,,,,,,,
3/1/2018, 11.31 , 48.78 , 1.30 , 27.00 , 7.00 ,,,,,,,,,,,,,,,,,,,,,,,,,,,,,,,,,,,,,,,,,,,,,,
4/1/2018, 11.17 , 48.68 , 1.30 , 25.00 , 7.00 ,,,,,,,,,,,,,,,,,,,,,,,,,,,,,,,,,,,,,,,,,,,,,,
5/1/2018, 11.26 , 49.63 , 1.28 , 25.00 , 7.00 ,,,,,,,,,,,,,,,,,,,,,,,,,,,,,,,,,,,,,,,,,,,,,,
8/1/2018, 11.29 , 50.59 , 1.41 , 24.35 , 7.00 ,,,,,,,,,,,,,,,,,,,,,,,,,,,,,,,,,,,,,,,,,,,,,,
9/1/2018, 11.16 , 47.82 , 1.31 , 25.00 , 7.00 ,,,,,,,,,,,,,,,,,,,,,,,,,,,,,,,,,,,,,,,,,,,,,,
10/1/2018, 11.16 , 49.07 , 1.28 , 25.00 , 7.00 ,,,,,,,,,,,,,,,,,,,,,,,,,,,,,,,,,,,,,,,,,,,,,,
11/1/2018, 11.21 , 49.07 , 1.27 , 24.32 , 6.95 ,,,,,,,,,,,,,,,,,,,,,,,,,,,,,,,,,,,,,,,,,,,,,,
12/1/2018, 11.16 , 48.20 , 1.27 , 23.80 , 6.95 ,,,,,,,,,,,,,,,,,,,,,,,,,,,,,,,,,,,,,,,,,,,,,,
15/1/2018, 11.15 , 48.20 , 1.27 , 25.00 , 6.72 ,,,,,,,,,,,,,,,,,,,,,,,,,,,,,,,,,,,,,,,,,,,,,,
16/1/2018, 10.92 , 47.95 , 1.27 , 24.73 , 6.95 ,,,,,,,,,,,,,,,,,,,,,,,,,,,,,,,,,,,,,,,,,,,,,,
17/1/2018, 10.93 , 50.58 , 1.27 , 25.11 , 7.00 ,,,,,,,,,,,,,,,,,,,,,,,,,,,,,,,,,,,,,,,,,,,,,,
18/1/2018, 11.16 , 50.58 , 1.15 , 25.00 , 7.00 ,,,,,,,,,,,,,,,,,,,,,,,,,,,,,,,,,,,,,,,,,,,,,,
19/1/2018, 11.23 , 47.73 , 1.20 , 26.00 , 7.00 ,,,,,,,,,,,,,,,,,,,,,,,,,,,,,,,,,,,,,,,,,,,,,,
22/1/2018, 11.16 , 48.20 , 1.20 , 24.50 , 7.00 ,,,,,,,,,,,,,,,,,,,,,,,,,,,,,,,,,,,,,,,,,,,,,,
23/1/2018, 11.12 , 50.54 , 1.20 , 26.00 , 7.00 ,,,,,,,,,,,,,,,,,,,,,,,,,,,,,,,,,,,,,,,,,,,,,,
24/1/2018, 11.23 , 50.54 , 1.20 , 25.00 , 6.90 ,,,,,,,,,,,,,,,,,,,,,,,,,,,,,,,,,,,,,,,,,,,,,,
25/1/2018, 11.15 , 50.11 , 1.20 , 25.00 , 7.00 ,,,,,,,,,,,,,,,,,,,,,,,,,,,,,,,,,,,,,,,,,,,,,,
26/1/2018, 11.16 , 48.68 , 1.20 , 25.00 , 7.00 ,,,,,,,,,,,,,,,,,,,,,,,,,,,,,,,,,,,,,,,,,,,,,,
29/1/2018, 11.15 , 47.77 , 1.20 , 24.00 , 6.65 ,,,,,,,,,,,,,,,,,,,,,,,,,,,,,,,,,,,,,,,,,,,,,,
30/1/2018, 11.12 , 50.54 , 1.20 , 24.00 , 7.00 ,,,,,,,,,,,,,,,,,,,,,,,,,,,,,,,,,,,,,,,,,,,,,,
31/1/2018, 10.87 , 50.58 , 1.30 , 25.00 , 6.50 ,,,,,,,,,,,,,,,,,,,,,,,,,,,,,,,,,,,,,,,,,,,,,,
1/2/2018, 11.04 , 50.59 , 1.23 , 25.00 , 6.63 ,,,,,,,,,,,,,,,,,,,,,,,,,,,,,,,,,,,,,,,,,,,,,,
2/2/2018, 11.02 , 51.07 , 1.30 , 24.50 , 6.50 ,,,,,,,,,,,,,,,,,,,,,,,,,,,,,,,,,,,,,,,,,,,,,,
5/2/2018, 10.87 , 51.07 , 1.30 , 25.00 , 6.50 ,,,,,,,,,,,,,,,,,,,,,,,,,,,,,,,,,,,,,,,,,,,,,,
6/2/2018, 10.87 , 47.73 , 1.40 , 24.50 , 6.45 ,,,,,,,,,,,,,,,,,,,,,,,,,,,,,,,,,,,,,,,,,,,,,,
7/2/2018, 10.87 , 47.73 , 1.40 , 24.00 , 6.45 ,,,,,,,,,,,,,,,,,,,,,,,,,,,,,,,,,,,,,,,,,,,,,,
8/2/2018, 10.77 , 48.68 , 1.39 , 25.01 , 6.49 ,,,,,,,,,,,,,,,,,,,,,,,,,,,,,,,,,,,,,,,,,,,,,,
9/2/2018, 10.87 , 47.73 , 1.23 , 25.00 , 6.50 ,,,,,,,,,,,,,,,,,,,,,,,,,,,,,,,,,,,,,,,,,,,,,,
12/2/2018, 10.82 , 50.59 , 1.20 , 25.00 , 6.50 ,,,,,,,,,,,,,,,,,,,,,,,,,,,,,,,,,,,,,,,,,,,,,,
13/2/2018, 10.82 , 49.63 , 1.20 , 24.52 , 6.50 ,,,,,,,,,,,,,,,,,,,,,,,,,,,,,,,,,,,,,,,,,,,,,,
15/2/2018, 10.82 , 48.25 , 1.20 , 25.00 , 6.99 ,,,,,,,,,,,,,,,,,,,,,,,,,,,,,,,,,,,,,,,,,,,,,,
16/2/2018, 10.38 , 48.25 , 1.20 , 25.00 , 6.99 ,,,,,,,,,,,,,,,,,,,,,,,,,,,,,,,,,,,,,,,,,,,,,,
19/2/2018, 10.82 , 48.30 , 1.20 , 25.00 , 6.70 ,,,,,,,,,,,,,,,,,,,,,,,,,,,,,,,,,,,,,,,,,,,,,,
20/2/2018, 10.82 , 49.16 , 1.28 , 24.70 , 6.70 ,,,,,,,,,,,,,,,,,,,,,,,,,,,,,,,,,,,,,,,,,,,,,,
21/2/2018, 10.82 , 49.63 , 1.30 , 25.00 , 6.21 ,,,,,,,,,,,,,,,,,,,,,,,,,,,,,,,,,,,,,,,,,,,,,,
22/2/2018, 10.82 , 49.63 , 1.30 , 25.00 , 6.70 ,,,,,,,,,,,,,,,,,,,,,,,,,,,,,,,,,,,,,,,,,,,,,,
23/2/2018, 10.82 , 51.07 , 1.30 , 24.60 , 7.00 ,,,,,,,,,,,,,,,,,,,,,,,,,,,,,,,,,,,,,,,,,,,,,,
26/2/2018, 10.72 , 50.59 , 1.20 , 25.00 , 6.45 ,,,,,,,,,,,,,,,,,,,,,,,,,,,,,,,,,,,,,,,,,,,,,,
27/2/2018, 10.82 , 50.59 , 1.15 , 25.00 , 6.45 ,,,,,,,,,,,,,,,,,,,,,,,,,,,,,,,,,,,,,,,,,,,,,,
28/2/2018, 10.82 , 49.63 , 1.17 , 26.00 , 7.00 ,,,,,,,,,,,,,,,,,,,,,,,,,,,,,,,,,,,,,,,,,,,,,,
1/3/2018, 10.82 , 49.63 , 1.17 , 24.01 , 6.55 ,,,,,,,,,,,,,,,,,,,,,,,,,,,,,,,,,,,,,,,,,,,,,,
2/3/2018, 10.87 , 47.74 , 1.19 , 26.00 , 6.55 ,,,,,,,,,,,,,,,,,,,,,,,,,,,,,,,,,,,,,,,,,,,,,,
5/3/2018, 10.87 , 48.58 , 1.19 , 25.00 , 6.70 ,,,,,,,,,,,,,,,,,,,,,,,,,,,,,,,,,,,,,,,,,,,,,,
6/3/2018, 10.82 , 48.68 , 1.19 , 26.49 , 6.50 ,,,,,,,,,,,,,,,,,,,,,,,,,,,,,,,,,,,,,,,,,,,,,,
7/3/2018, 10.82 , 48.92 , 1.15 , 26.49 , 6.71 ,,,,,,,,,,,,,,,,,,,,,,,,,,,,,,,,,,,,,,,,,,,,,,
8/3/2018, 10.82 , 49.63 , 1.12 , 26.45 , 6.50 ,,,,,,,,,,,,,,,,,,,,,,,,,,,,,,,,,,,,,,,,,,,,,,
9/3/2018, 10.77 , 51.54 , 1.10 , 26.00 , 6.50 ,,,,,,,,,,,,,,,,,,,,,,,,,,,,,,,,,,,,,,,,,,,,,,
12/3/2018, 10.82 , 54.41 , 1.15 , 26.50 , 6.50 ,,,,,,,,,,,,,,,,,,,,,,,,,,,,,,,,,,,,,,,,,,,,,,
13/3/2018, 10.77 , 52.98 , 1.18 , 26.50 , 6.30 ,,,,,,,,,,,,,,,,,,,,,,,,,,,,,,,,,,,,,,,,,,,,,,
14/3/2018, 10.77 , 53.45 , 1.15 , 26.50 , 6.50 ,,,,,,,,,,,,,,,,,,,,,,,,,,,,,,,,,,,,,,,,,,,,,,
15/3/2018, 10.65 , 51.54 , 1.03 , 26.06 , 6.50 ,,,,,,,,,,,,,,,,,,,,,,,,,,,,,,,,,,,,,,,,,,,,,,
16/3/2018, 9.98 , 49.63 , 1.15 , 26.31 , 6.00 ,,,,,,,,,,,,,,,,,,,,,,,,,,,,,,,,,,,,,,,,,,,,,,
19/3/2018, 9.98 , 51.54 , 1.19 , 26.00 , 6.05 ,,,,,,,,,,,,,,,,,,,,,,,,,,,,,,,,,,,,,,,,,,,,,,
20/3/2018, 10.32 , 49.63 , 1.17 , 26.00 , 6.99 ,,,,,,,,,,,,,,,,,,,,,,,,,,,,,,,,,,,,,,,,,,,,,,
21/3/2018, 10.23 , 51.54 , 1.06 , 25.00 , 6.99 ,,,,,,,,,,,,,,,,,,,,,,,,,,,,,,,,,,,,,,,,,,,,,,
22/3/2018, 10.23 , 49.63 , 1.15 , 26.00 , 6.98 ,,,,,,,,,,,,,,,,,,,,,,,,,,,,,,,,,,,,,,,,,,,,,,
23/3/2018, 10.28 , 50.60 , 1.09 , 26.00 , 6.99 ,,,,,,,,,,,,,,,,,,,,,,,,,,,,,,,,,,,,,,,,,,,,,,
26/3/2018, 10.77 , 50.64 , 1.15 , 24.70 , 7.00 ,,,,,,,,,,,,,,,,,,,,,,,,,,,,,,,,,,,,,,,,,,,,,,
27/3/2018, 10.77 , 50.49 , 1.15 , 26.45 , 6.99 ,,,,,,,,,,,,,,,,,,,,,,,,,,,,,,,,,,,,,,,,,,,,,,
28/3/2018, 10.77 , 48.54 , 1.19 , 25.50 , 6.80 ,,,,,,,,,,,,,,,,,,,,,,,,,,,,,,,,,,,,,,,,,,,,,,
29/3/2018, 10.47 , 51.53 , 1.19 , 26.00 , 6.70 ,,,,,,,,,,,,,,,,,,,,,,,,,,,,,,,,,,,,,,,,,,,,,,
3/4/2018, 10.57 , 51.53 , 1.20 , 25.60 , 6.95 ,,,,,,,,,,,,,,,,,,,,,,,,,,,,,,,,,,,,,,,,,,,,,,
4/4/2018, 10.77 , 48.68 , 1.20 , 26.50 , 6.95 ,,,,,,,,,,,,,,,,,,,,,,,,,,,,,,,,,,,,,,,,,,,,,,
5/4/2018, 10.67 , 51.07 , 1.20 , 26.50 , 6.97 ,,,,,,,,,,,,,,,,,,,,,,,,,,,,,,,,,,,,,,,,,,,,,,
6/4/2018, 10.57 , 49.63 , 1.20 , 26.00 , 7.00 ,,,,,,,,,,,,,,,,,,,,,,,,,,,,,,,,,,,,,,,,,,,,,,
9/4/2018, 10.23 , 49.63 , 1.19 , 26.00 , 6.97 ,,,,,,,,,,,,,,,,,,,,,,,,,,,,,,,,,,,,,,,,,,,,,,
10/4/2018, 10.37 , 48.20 , 1.19 , 26.21 , 7.00 ,,,,,,,,,,,,,,,,,,,,,,,,,,,,,,,,,,,,,,,,,,,,,,
11/4/2018, 10.77 , 49.63 , 1.21 , 26.02 , 6.97 ,,,,,,,,,,,,,,,,,,,,,,,,,,,,,,,,,,,,,,,,,,,,,,
12/4/2018, 10.47 , 49.63 , 1.20 , 27.00 , 6.50 ,,,,,,,,,,,,,,,,,,,,,,,,,,,,,,,,,,,,,,,,,,,,,,
13/4/2018, 10.66 , 47.90 , 1.20 , 27.49 , 6.51 ,,,,,,,,,,,,,,,,,,,,,,,,,,,,,,,,,,,,,,,,,,,,,,
16/4/2018, 10.67 , 47.92 , 1.19 , 27.00 , 7.00 ,,,,,,,,,,,,,,,,,,,,,,,,,,,,,,,,,,,,,,,,,,,,,,
17/4/2018, 10.67 , 47.89 , 1.07 , 27.70 , 6.98 ,,,,,,,,,,,,,,,,,,,,,,,,,,,,,,,,,,,,,,,,,,,,,,
18/4/2018, 10.77 , 49.63 , 1.20 , 28.00 , 6.81 ,,,,,,,,,,,,,,,,,,,,,,,,,,,,,,,,,,,,,,,,,,,,,,
19/4/2018, 10.67 , 49.63 , 1.20 , 27.25 , 6.98 ,,,,,,,,,,,,,,,,,,,,,,,,,,,,,,,,,,,,,,,,,,,,,,
20/4/2018, 10.77 , 47.88 , 1.20 , 28.32 , 6.50 ,,,,,,,,,,,,,,,,,,,,,,,,,,,,,,,,,,,,,,,,,,,,,,
16/7/2018, 9.50 , 50.53 , 1.05 , 29.75 , 7.45 ,,,,,,,,,,,,,,,,,,,,,,,,,,,,,,,,,,,,,,,,,,,,,,
17/7/2018, 9.50 , 50.50 , 1.05 , 29.55 , 7.45 ,,,,,,,,,,,,,,,,,,,,,,,,,,,,,,,,,,,,,,,,,,,,,,
18/7/2018, 9.49 , 50.50 , 1.05 , 29.56 , 7.45 ,,,,,,,,,,,,,,,,,,,,,,,,,,,,,,,,,,,,,,,,,,,,,,
19/7/2018, 9.40 , 51.00 , 1.05 , 30.00 , 7.45 ,,,,,,,,,,,,,,,,,,,,,,,,,,,,,,,,,,,,,,,,,,,,,,
20/7/2018, 9.50 , 50.10 , 1.05 , 30.00 , 7.45 ,,,,,,,,,,,,,,,,,,,,,,,,,,,,,,,,,,,,,,,,,,,,,,
23/7/2018, 9.00 , 50.20 , 1.03 , 30.02 , 7.45 ,,,,,,,,,,,,,,,,,,,,,,,,,,,,,,,,,,,,,,,,,,,,,,
24/7/2018, 9.44 , 50.25 , 1.03 , 30.00 , 7.40 ,,,,,,,,,,,,,,,,,,,,,,,,,,,,,,,,,,,,,,,,,,,,,,
25/7/2018, 9.50 , 52.00 , 1.00 , 30.00 , 7.99 ,,,,,,,,,,,,,,,,,,,,,,,,,,,,,,,,,,,,,,,,,,,,,,
26/7/2018, 9.00 , 52.00 , 1.00 , 28.51 , 7.50 ,,,,,,,,,,,,,,,,,,,,,,,,,,,,,,,,,,,,,,,,,,,,,,
27/7/2018, 9.00 , 51.50 , 1.05 , 28.50 , 7.50 ,,,,,,,,,,,,,,,,,,,,,,,,,,,,,,,,,,,,,,,,,,,,,,
30/7/2018, 9.00 , 52.10 , 1.04 , 28.00 , 7.40 ,,,,,,,,,,,,,,,,,,,,,,,,,,,,,,,,,,,,,,,,,,,,,,
31/7/2018, 9.47 , 51.10 , 1.05 , 29.90 , 7.30 ,,,,,,,,,,,,,,,,,,,,,,,,,,,,,,,,,,,,,,,,,,,,,,
2/8/2018, 9.30 , 52.20 , 1.05 , 30.00 , 7.49 ,,,,,,,,,,,,,,,,,,,,,,,,,,,,,,,,,,,,,,,,,,,,,,
3/8/2018, 9.00 , 53.00 , 1.05 , 30.00 , 7.70 ,,,,,,,,,,,,,,,,,,,,,,,,,,,,,,,,,,,,,,,,,,,,,,
7/8/2018, 9.10 , 51.50 , 0.90 , 30.10 , 7.70 ,,,,,,,,,,,,,,,,,,,,,,,,,,,,,,,,,,,,,,,,,,,,,,
8/8/2018, 9.00 , 52.00 , 1.05 , 29.10 , 7.51 ,,,,,,,,,,,,,,,,,,,,,,,,,,,,,,,,,,,,,,,,,,,,,,
9/8/2018, 9.19 , 52.00 , 1.05 , 29.50 , 7.59 ,,,,,,,,,,,,,,,,,,,,,,,,,,,,,,,,,,,,,,,,,,,,,,
10/8/2018, 9.20 , 52.80 , 1.05 , 30.00 , 8.00 ,,,,,,,,,,,,,,,,,,,,,,,,,,,,,,,,,,,,,,,,,,,,,,
13/8/2018, 9.12 , 52.00 , 1.05 , 30.00 , 8.00 ,,,,,,,,,,,,,,,,,,,,,,,,,,,,,,,,,,,,,,,,,,,,,,
14/8/2018, 8.92 , 52.52 , 1.10 , 29.00 , 8.00 ,,,,,,,,,,,,,,,,,,,,,,,,,,,,,,,,,,,,,,,,,,,,,,
15/8/2018, 9.00 , 52.50 , 1.15 , 30.00 , 8.04 ,,,,,,,,,,,,,,,,,,,,,,,,,,,,,,,,,,,,,,,,,,,,,,
16/8/2018, 8.99 , 52.50 , 1.15 , 30.00 , 8.30 ,,,,,,,,,,,,,,,,,,,,,,,,,,,,,,,,,,,,,,,,,,,,,,
17/8/2018, 9.00 , 53.00 , 1.15 , 29.00 , 8.05 ,,,,,,,,,,,,,,,,,,,,,,,,,,,,,,,,,,,,,,,,,,,,,,
20/8/2018, 9.00 , 52.00 , 1.20 , 28.30 , 8.25 ,,,,,,,,,,,,,,,,,,,,,,,,,,,,,,,,,,,,,,,,,,,,,,
21/8/2018, 9.00 , 52.01 , 1.18 , 29.00 , 7.00 ,,,,,,,,,,,,,,,,,,,,,,,,,,,,,,,,,,,,,,,,,,,,,,
22/8/2018, 9.00 , 52.00 , 1.17 , 28.50 , 8.00 ,,,,,,,,,,,,,,,,,,,,,,,,,,,,,,,,,,,,,,,,,,,,,,
23/8/2018, 9.00 , 52.30 , 0.95 , 28.31 , 8.24 ,,,,,,,,,,,,,,,,,,,,,,,,,,,,,,,,,,,,,,,,,,,,,,
24/8/2018, 9.00 , 52.00 , 1.04 , 29.00 , 8.00 ,,,,,,,,,,,,,,,,,,,,,,,,,,,,,,,,,,,,,,,,,,,,,,
27/8/2018, 8.97 , 52.49 , 1.04 , 28.93 , 8.11 ,,,,,,,,,,,,,,,,,,,,,,,,,,,,,,,,,,,,,,,,,,,,,,
28/8/2018, 9.20 , 52.06 , 0.95 , 29.00 , 7.50 ,,,,,,,,,,,,,,,,,,,,,,,,,,,,,,,,,,,,,,,,,,,,,,
29/8/2018, 9.20 , 53.00 , 1.04 , 28.50 , 7.65 ,,,,,,,,,,,,,,,,,,,,,,,,,,,,,,,,,,,,,,,,,,,,,,
30/8/2018, 9.09 , 52.50 , 1.20 , 29.00 , 8.08 ,,,,,,,,,,,,,,,,,,,,,,,,,,,,,,,,,,,,,,,,,,,,,,
31/8/2018, 9.22 , 53.00 , 1.20 , 29.00 , 8.10 ,,,,,,,,,,,,,,,,,,,,,,,,,,,,,,,,,,,,,,,,,,,,,,
3/9/2018, 9.50 , 53.00 , 1.16 , 29.00 , 8.00 ,,,,,,,,,,,,,,,,,,,,,,,,,,,,,,,,,,,,,,,,,,,,,,
4/9/2018, 9.50 , 53.50 , 1.16 , 29.00 , 8.35 ,,,,,,,,,,,,,,,,,,,,,,,,,,,,,,,,,,,,,,,,,,,,,,
5/9/2018, 9.50 , 53.50 , 1.10 , 29.00 , 8.05 ,,,,,,,,,,,,,,,,,,,,,,,,,,,,,,,,,,,,,,,,,,,,,,
6/9/2018, 9.50 , 55.00 , 1.10 , 31.00 , 8.35 ,,,,,,,,,,,,,,,,,,,,,,,,,,,,,,,,,,,,,,,,,,,,,,
7/9/2018, 9.50 , 59.50 , 1.04 , 29.00 , 8.29 ,,,,,,,,,,,,,,,,,,,,,,,,,,,,,,,,,,,,,,,,,,,,,,
10/9/2018, 9.45 , 56.50 , 1.04 , 31.00 , 8.06 ,,,,,,,,,,,,,,,,,,,,,,,,,,,,,,,,,,,,,,,,,,,,,,
11/9/2018, 9.45 , 55.00 , 1.10 , 28.50 , 8.20 ,,,,,,,,,,,,,,,,,,,,,,,,,,,,,,,,,,,,,,,,,,,,,,
12/9/2018, 9.45 , 55.02 , 1.10 , 30.01 , 8.20 ,,,,,,,,,,,,,,,,,,,,,,,,,,,,,,,,,,,,,,,,,,,,,,
13/9/2018, 9.45 , 56.20 , 1.10 , 30.99 , 8.10 ,,,,,,,,,,,,,,,,,,,,,,,,,,,,,,,,,,,,,,,,,,,,,,
14/9/2018, 9.45 , 56.13 , 1.10 , 31.00 , 8.05 ,,,,,,,,,,,,,,,,,,,,,,,,,,,,,,,,,,,,,,,,,,,,,,
17/9/2018, 9.45 , 60.51 , 1.11 , 31.00 , 8.09 ,,,,,,,,,,,,,,,,,,,,,,,,,,,,,,,,,,,,,,,,,,,,,,
18/9/2018, 9.44 , 62.00 , 1.11 , 32.00 , 8.10 ,,,,,,,,,,,,,,,,,,,,,,,,,,,,,,,,,,,,,,,,,,,,,,
19/9/2018, 9.45 , 62.52 , 1.11 , 31.68 , 8.15 ,,,,,,,,,,,,,,,,,,,,,,,,,,,,,,,,,,,,,,,,,,,,,,
20/9/2018, 9.45 , 63.05 , 1.10 , 32.50 , 8.00 ,,,,,,,,,,,,,,,,,,,,,,,,,,,,,,,,,,,,,,,,,,,,,,
21/9/2018, 9.50 , 63.01 , 1.10 , 32.50 , 8.01 ,,,,,,,,,,,,,,,,,,,,,,,,,,,,,,,,,,,,,,,,,,,,,,
24/9/2018, 9.50 , 62.01 , 1.10 , 32.50 , 8.15 ,,,,,,,,,,,,,,,,,,,,,,,,,,,,,,,,,,,,,,,,,,,,,,
25/9/2018, 9.50 , 62.00 , 1.10 , 32.50 , 8.20 ,,,,,,,,,,,,,,,,,,,,,,,,,,,,,,,,,,,,,,,,,,,,,,
26/9/2018, 9.35 , 60.00 , 1.11 , 32.15 , 8.20 ,,,,,,,,,,,,,,,,,,,,,,,,,,,,,,,,,,,,,,,,,,,,,,
27/9/2018, 9.50 , 60.00 , 1.10 , 32.15 , 8.00 ,,,,,,,,,,,,,,,,,,,,,,,,,,,,,,,,,,,,,,,,,,,,,,
28/9/2018, 9.50 , 60.00 , 1.10 , 32.50 , 8.20 ,,,,,,,,,,,,,,,,,,,,,,,,,,,,,,,,,,,,,,,,,,,,,,
1/10/2018, 9.50 , 62.00 , 1.03 , 32.50 , 8.20 ,,,,,,,,,,,,,,,,,,,,,,,,,,,,,,,,,,,,,,,,,,,,,,
2/10/2018, 9.50 , 60.90 , 1.03 , 32.99 , 8.35 ,,,,,,,,,,,,,,,,,,,,,,,,,,,,,,,,,,,,,,,,,,,,,,
3/10/2018, 9.35 , 61.00 , 1.03 , 33.00 , 8.31 ,,,,,,,,,,,,,,,,,,,,,,,,,,,,,,,,,,,,,,,,,,,,,,
4/10/2018, 9.11 , 62.00 , 1.16 , 35.00 , 8.33 ,,,,,,,,,,,,,,,,,,,,,,,,,,,,,,,,,,,,,,,,,,,,,,
5/10/2018, 9.12 , 60.00 , 1.04 , 37.00 , 8.35 ,,,,,,,,,,,,,,,,,,,,,,,,,,,,,,,,,,,,,,,,,,,,,,
8/10/2018, 9.25 , 61.00 , 1.13 , 37.00 , 8.32 ,,,,,,,,,,,,,,,,,,,,,,,,,,,,,,,,,,,,,,,,,,,,,,
9/10/2018, 9.15 , 59.13 , 1.05 , 37.03 , 8.34 ,,,,,,,,,,,,,,,,,,,,,,,,,,,,,,,,,,,,,,,,,,,,,,
10/10/2018, 9.10 , 60.00 , 1.05 , 37.00 , 8.35 ,,,,,,,,,,,,,,,,,,,,,,,,,,,,,,,,,,,,,,,,,,,,,,
11/10/2018, 9.10 , 59.10 , 1.13 , 34.00 , 8.35 ,,,,,,,,,,,,,,,,,,,,,,,,,,,,,,,,,,,,,,,,,,,,,,
12/10/2018, 8.96 , 58.11 , 1.02 , 36.62 , 8.34 ,,,,,,,,,,,,,,,,,,,,,,,,,,,,,,,,,,,,,,,,,,,,,,
16/10/2018, 8.99 , 59.00 , 1.00 , 35.00 , 8.35 ,,,,,,,,,,,,,,,,,,,,,,,,,,,,,,,,,,,,,,,,,,,,,,
17/10/2018, 8.94 , 56.51 , 1.03 , 31.81 , 8.32 ,,,,,,,,,,,,,,,,,,,,,,,,,,,,,,,,,,,,,,,,,,,,,,
18/10/2018, 8.99 , 53.00 , 0.90 , 31.52 , 8.35 ,,,,,,,,,,,,,,,,,,,,,,,,,,,,,,,,,,,,,,,,,,,,,,
19/10/2018, 8.85 , 52.08 , 0.90 , 31.55 , 8.35 ,,,,,,,,,,,,,,,,,,,,,,,,,,,,,,,,,,,,,,,,,,,,,,
22/10/2018, 9.00 , 52.00 , 1.04 , 34.00 , 8.35 ,,,,,,,,,,,,,,,,,,,,,,,,,,,,,,,,,,,,,,,,,,,,,,
23/10/2018, 8.96 , 52.50 , 1.08 , 35.00 , 8.35 ,,,,,,,,,,,,,,,,,,,,,,,,,,,,,,,,,,,,,,,,,,,,,,
24/10/2018, 9.00 , 53.00 , 1.08 , 34.90 , 8.25 ,,,,,,,,,,,,,,,,,,,,,,,,,,,,,,,,,,,,,,,,,,,,,,
25/10/2018, 8.99 , 51.50 , 1.08 , 34.80 , 8.25 ,,,,,,,,,,,,,,,,,,,,,,,,,,,,,,,,,,,,,,,,,,,,,,
26/10/2018, 8.98 , 54.00 , 1.04 , 34.00 , 9.20 ,,,,,,,,,,,,,,,,,,,,,,,,,,,,,,,,,,,,,,,,,,,,,,
29/10/2018, 8.99 , 52.00 , 1.13 , 33.00 , 8.50 ,,,,,,,,,,,,,,,,,,,,,,,,,,,,,,,,,,,,,,,,,,,,,,
30/10/2018, 8.96 , 53.74 , 1.13 , 33.00 , 9.80 ,,,,,,,,,,,,,,,,,,,,,,,,,,,,,,,,,,,,,,,,,,,,,,
31/10/2018, 8.98 , 53.00 , 1.14 , 33.80 , 10.00 ,,,,,,,,,,,,,,,,,,,,,,,,,,,,,,,,,,,,,,,,,,,,,,
1/11/2018, 8.96 , 51.03 , 1.13 , 32.02 , 11.50 ,,,,,,,,,,,,,,,,,,,,,,,,,,,,,,,,,,,,,,,,,,,,,,
2/11/2018, 8.98 , 52.48 , 1.14 , 33.16 , 10.02 ,,,,,,,,,,,,,,,,,,,,,,,,,,,,,,,,,,,,,,,,,,,,,,
5/11/2018, 8.98 , 51.17 , 1.16 , 32.66 , 10.50 ,,,,,,,,,,,,,,,,,,,,,,,,,,,,,,,,,,,,,,,,,,,,,,
6/11/2018, 8.84 , 51.28 , 1.10 , 33.35 , 10.45 ,,,,,,,,,,,,,,,,,,,,,,,,,,,,,,,,,,,,,,,,,,,,,,
7/11/2018, 9.00 , 50.00 , 1.10 , 33.00 , 10.00 ,,,,,,,,,,,,,,,,,,,,,,,,,,,,,,,,,,,,,,,,,,,,,,
8/11/2018, 9.00 , 50.00 , 1.10 , 33.01 , 10.00 ,,,,,,,,,,,,,,,,,,,,,,,,,,,,,,,,,,,,,,,,,,,,,,
9/11/2018, 9.00 , 51.99 , 1.10 , 33.90 , 10.45 ,,,,,,,,,,,,,,,,,,,,,,,,,,,,,,,,,,,,,,,,,,,,,,
12/11/2018, 9.00 , 50.50 , 1.11 , 33.00 , 10.30 ,,,,,,,,,,,,,,,,,,,,,,,,,,,,,,,,,,,,,,,,,,,,,,
13/11/2018, 8.80 , 50.50 , 1.16 , 33.00 , 10.50 ,,,,,,,,,,,,,,,,,,,,,,,,,,,,,,,,,,,,,,,,,,,,,,
14/11/2018, 9.00 , 48.80 , 1.14 , 32.50 , 11.00 ,,,,,,,,,,,,,,,,,,,,,,,,,,,,,,,,,,,,,,,,,,,,,,
15/11/2018, 9.00 , 53.50 , 1.16 , 34.00 , 10.16 ,,,,,,,,,,,,,,,,,,,,,,,,,,,,,,,,,,,,,,,,,,,,,,
16/11/2018, 9.00 , 55.99 , 1.24 , 33.00 , 10.42 ,,,,,,,,,,,,,,,,,,,,,,,,,,,,,,,,,,,,,,,,,,,,,,
19/11/2018, 9.50 , 53.00 , 1.20 , 31.80 , 10.50 ,,,,,,,,,,,,,,,,,,,,,,,,,,,,,,,,,,,,,,,,,,,,,,
20/11/2018, 9.18 , 55.99 , 1.20 , 31.75 , 10.45 ,,,,,,,,,,,,,,,,,,,,,,,,,,,,,,,,,,,,,,,,,,,,,,
21/11/2018, 9.00 , 55.99 , 1.20 , 31.76 , 10.00 ,,,,,,,,,,,,,,,,,,,,,,,,,,,,,,,,,,,,,,,,,,,,,,
22/11/2018, 9.50 , 55.98 , 1.20 , 33.00 , 10.00 ,,,,,,,,,,,,,,,,,,,,,,,,,,,,,,,,,,,,,,,,,,,,,,
23/11/2018, 9.50 , 56.10 , 1.20 , 34.00 , 9.95 ,,,,,,,,,,,,,,,,,,,,,,,,,,,,,,,,,,,,,,,,,,,,,,
26/11/2018, 9.35 , 56.10 , 1.15 , 33.00 , 9.41 ,,,,,,,,,,,,,,,,,,,,,,,,,,,,,,,,,,,,,,,,,,,,,,
27/11/2018, 9.30 , 60.00 , 1.13 , 32.51 , 9.90 ,,,,,,,,,,,,,,,,,,,,,,,,,,,,,,,,,,,,,,,,,,,,,,
28/11/2018, 9.05 , 59.00 , 1.16 , 32.51 , 9.90 ,,,,,,,,,,,,,,,,,,,,,,,,,,,,,,,,,,,,,,,,,,,,,,
29/11/2018, 9.50 , 58.00 , 1.16 , 32.51 , 9.62 ,,,,,,,,,,,,,,,,,,,,,,,,,,,,,,,,,,,,,,,,,,,,,,
30/11/2018, 9.33 , 57.26 , 1.16 , 34.88 , 9.84 ,,,,,,,,,,,,,,,,,,,,,,,,,,,,,,,,,,,,,,,,,,,,,,
3/12/2018, 9.10 , 57.00 , 1.16 , 34.99 , 9.00 ,,,,,,,,,,,,,,,,,,,,,,,,,,,,,,,,,,,,,,,,,,,,,,
4/12/2018, 9.25 , 58.00 , 1.17 , 34.99 , 10.00 ,,,,,,,,,,,,,,,,,,,,,,,,,,,,,,,,,,,,,,,,,,,,,,
5/12/2018, 9.10 , 59.00 , 1.17 , 34.99 , 8.40 ,,,,,,,,,,,,,,,,,,,,,,,,,,,,,,,,,,,,,,,,,,,,,,
6/12/2018, 9.05 , 56.61 , 1.16 , 33.32 , 9.01 ,,,,,,,,,,,,,,,,,,,,,,,,,,,,,,,,,,,,,,,,,,,,,,
7/12/2018, 9.13 , 56.27 , 1.16 , 32.21 , 9.03 ,,,,,,,,,,,,,,,,,,,,,,,,,,,,,,,,,,,,,,,,,,,,,,
10/12/2018, 9.30 , 54.51 , 1.12 , 34.00 , 9.20 ,,,,,,,,,,,,,,,,,,,,,,,,,,,,,,,,,,,,,,,,,,,,,,
11/12/2018, 9.30 , 54.01 , 1.14 , 32.52 , 10.00 ,,,,,,,,,,,,,,,,,,,,,,,,,,,,,,,,,,,,,,,,,,,,,,
12/12/2018, 9.26 , 55.00 , 1.14 , 34.97 , 9.50 ,,,,,,,,,,,,,,,,,,,,,,,,,,,,,,,,,,,,,,,,,,,,,,
13/12/2018, 9.49 , 56.00 , 1.14 , 33.00 , 8.88 ,,,,,,,,,,,,,,,,,,,,,,,,,,,,,,,,,,,,,,,,,,,,,,
14/12/2018, 9.30 , 54.01 , 1.14 , 34.00 , 10.05 ,,,,,,,,,,,,,,,,,,,,,,,,,,,,,,,,,,,,,,,,,,,,,,
17/12/2018, 9.33 , 56.00 , 1.12 , 32.50 , 9.16 ,,,,,,,,,,,,,,,,,,,,,,,,,,,,,,,,,,,,,,,,,,,,,,
18/12/2018, 9.33 , 52.02 , 1.10 , 32.05 , 9.43 ,,,,,,,,,,,,,,,,,,,,,,,,,,,,,,,,,,,,,,,,,,,,,,
19/12/2018, 9.33 , 52.50 , 1.15 , 32.50 , 9.20 ,,,,,,,,,,,,,,,,,,,,,,,,,,,,,,,,,,,,,,,,,,,,,,
20/12/2018, 9.50 , 56.00 , 1.15 , 33.50 , 9.26 ,,,,,,,,,,,,,,,,,,,,,,,,,,,,,,,,,,,,,,,,,,,,,,
21/12/2018, 9.25 , 56.00 , 1.15 , 34.00 , 9.20 ,,,,,,,,,,,,,,,,,,,,,,,,,,,,,,,,,,,,,,,,,,,,,,
24/12/2018, 9.30 , 52.51 , 1.15 , 32.80 , 9.50 ,,,,,,,,,,,,,,,,,,,,,,,,,,,,,,,,,,,,,,,,,,,,,,
27/12/2018, 9.50 , 52.01 , 1.07 , 32.80 , 9.35 ,,,,,,,,,,,,,,,,,,,,,,,,,,,,,,,,,,,,,,,,,,,,,,
28/12/2018, 9.50 , 55.00 , 1.16 , 28.26 , 11.00 ,,,,,,,,,,,,,,,,,,,,,,,,,,,,,,,,,,,,,,,,,,,,,,
31/12/2018, 9.40 , 55.00 , 1.16 , 32.56 , 10.50 ,,,,,,,,,,,,,,,,,,,,,,,,,,,,,,,,,,,,,,,,,,,,,,
2/1/2019, 9.47 , 54.00 , 1.16 , 34.00 , 9.40 ,,,,,,,,,,,,,,,,,,,,,,,,,,,,,,,,,,,,,,,,,,,,,,
3/1/2019, 9.48 , 56.00 , 1.14 , 33.99 , 10.50 ,,,,,,,,,,,,,,,,,,,,,,,,,,,,,,,,,,,,,,,,,,,,,,
4/1/2019, 9.43 , 52.30 , 1.07 , 33.08 , 10.75 ,,,,,,,,,,,,,,,,,,,,,,,,,,,,,,,,,,,,,,,,,,,,,,
7/1/2019, 9.48 , 55.00 , 1.05 , 33.99 , 10.20 ,,,,,,,,,,,,,,,,,,,,,,,,,,,,,,,,,,,,,,,,,,,,,,
8/1/2019, 9.46 , 54.50 , 1.05 , 30.80 , 10.77 ,,,,,,,,,,,,,,,,,,,,,,,,,,,,,,,,,,,,,,,,,,,,,,
9/1/2019, 9.48 , 54.00 , 1.05 , 33.99 , 10.50 ,,,,,,,,,,,,,,,,,,,,,,,,,,,,,,,,,,,,,,,,,,,,,,
10/1/2019, 9.48 , 52.01 , 1.05 , 33.98 , 10.70 ,,,,,,,,,,,,,,,,,,,,,,,,,,,,,,,,,,,,,,,,,,,,,,
11/1/2019, 9.40 , 54.99 , 1.10 , 32.50 , 10.70 ,,,,,,,,,,,,,,,,,,,,,,,,,,,,,,,,,,,,,,,,,,,,,,
14/1/2019, 9.46 , 54.00 , 1.10 , 33.98 , 10.68 ,,,,,,,,,,,,,,,,,,,,,,,,,,,,,,,,,,,,,,,,,,,,,,
15/1/2019, 9.49 , 52.50 , 1.10 , 32.14 , 10.75 ,,,,,,,,,,,,,,,,,,,,,,,,,,,,,,,,,,,,,,,,,,,,,,
16/1/2019, 9.49 , 53.99 , 1.05 , 32.00 , 10.77 ,,,,,,,,,,,,,,,,,,,,,,,,,,,,,,,,,,,,,,,,,,,,,,
17/1/2019, 9.49 , 55.00 , 1.10 , 29.00 , 11.00 ,,,,,,,,,,,,,,,,,,,,,,,,,,,,,,,,,,,,,,,,,,,,,,
18/1/2019, 9.30 , 52.01 , 1.10 , 32.00 , 10.80 ,,,,,,,,,,,,,,,,,,,,,,,,,,,,,,,,,,,,,,,,,,,,,,
21/1/2019, 9.20 , 52.40 , 1.05 , 32.00 , 11.00 ,,,,,,,,,,,,,,,,,,,,,,,,,,,,,,,,,,,,,,,,,,,,,,
22/1/2019, 9.10 , 51.90 , 1.05 , 31.03 , 11.00 ,,,,,,,,,,,,,,,,,,,,,,,,,,,,,,,,,,,,,,,,,,,,,,
23/1/2019, 9.00 , 52.00 , 1.05 , 32.00 , 10.86 ,,,,,,,,,,,,,,,,,,,,,,,,,,,,,,,,,,,,,,,,,,,,,,
24/1/2019, 9.10 , 53.00 , 1.05 , 32.89 , 11.30 ,,,,,,,,,,,,,,,,,,,,,,,,,,,,,,,,,,,,,,,,,,,,,,
25/1/2019, 9.48 , 52.00 , 1.05 , 31.80 , 12.00 ,,,,,,,,,,,,,,,,,,,,,,,,,,,,,,,,,,,,,,,,,,,,,,
28/1/2019, 9.22 , 51.50 , 1.05 , 32.50 , 11.99 ,,,,,,,,,,,,,,,,,,,,,,,,,,,,,,,,,,,,,,,,,,,,,,
29/1/2019, 9.49 , 52.25 , 1.05 , 32.10 , 11.99 ,,,,,,,,,,,,,,,,,,,,,,,,,,,,,,,,,,,,,,,,,,,,,,
30/1/2019, 9.49 , 52.00 , 1.05 , 32.50 , 12.50 ,,,,,,,,,,,,,,,,,,,,,,,,,,,,,,,,,,,,,,,,,,,,,,
31/1/2019, 9.42 , 51.75 , 1.05 , 32.39 , 12.05 ,,,,,,,,,,,,,,,,,,,,,,,,,,,,,,,,,,,,,,,,,,,,,,
1/2/2019, 9.50 , 50.30 , 1.05 , 32.99 , 13.00 ,,,,,,,,,,,,,,,,,,,,,,,,,,,,,,,,,,,,,,,,,,,,,,
4/2/2019, 9.50 , 53.97 , 1.08 , 32.50 , 12.65 ,,,,,,,,,,,,,,,,,,,,,,,,,,,,,,,,,,,,,,,,,,,,,,
5/2/2019, 9.50 , 53.00 , 1.10 , 32.00 , 13.00 ,,,,,,,,,,,,,,,,,,,,,,,,,,,,,,,,,,,,,,,,,,,,,,
6/2/2019, 9.46 , 51.05 , 1.05 , 32.00 , 13.50 ,,,,,,,,,,,,,,,,,,,,,,,,,,,,,,,,,,,,,,,,,,,,,,
7/2/2019, 9.48 , 53.99 , 1.10 , 32.80 , 13.95 ,,,,,,,,,,,,,,,,,,,,,,,,,,,,,,,,,,,,,,,,,,,,,,
8/2/2019, 9.48 , 53.00 , 1.05 , 32.80 , 14.00 ,,,,,,,,,,,,,,,,,,,,,,,,,,,,,,,,,,,,,,,,,,,,,,
11/2/2019, 9.46 , 53.00 , 1.10 , 32.10 , 15.00 ,,,,,,,,,,,,,,,,,,,,,,,,,,,,,,,,,,,,,,,,,,,,,,
12/2/2019, 9.50 , 51.11 , 1.05 , 32.75 , 16.00 ,,,,,,,,,,,,,,,,,,,,,,,,,,,,,,,,,,,,,,,,,,,,,,
13/2/2019, 9.50 , 51.25 , 1.05 , 32.75 , 15.95 ,,,,,,,,,,,,,,,,,,,,,,,,,,,,,,,,,,,,,,,,,,,,,,
14/2/2019, 9.50 , 52.00 , 1.05 , 33.00 , 16.00 ,,,,,,,,,,,,,,,,,,,,,,,,,,,,,,,,,,,,,,,,,,,,,,
15/2/2019, 9.50 , 53.99 , 1.10 , 31.70 , 17.50 ,,,,,,,,,,,,,,,,,,,,,,,,,,,,,,,,,,,,,,,,,,,,,,
18/2/2019, 9.50 , 53.95 , 1.07 , 32.00 , 17.15 ,,,,,,,,,,,,,,,,,,,,,,,,,,,,,,,,,,,,,,,,,,,,,,
19/2/2019, 9.50 , 53.00 , 1.05 , 31.75 , 17.50 ,,,,,,,,,,,,,,,,,,,,,,,,,,,,,,,,,,,,,,,,,,,,,,
20/2/2019, 9.50 , 53.93 , 1.05 , 31.50 , 17.38 ,,,,,,,,,,,,,,,,,,,,,,,,,,,,,,,,,,,,,,,,,,,,,,
21/2/2019, 9.50 , 53.45 , 1.01 , 32.50 , 17.40 ,,,,,,,,,,,,,,,,,,,,,,,,,,,,,,,,,,,,,,,,,,,,,,
22/2/2019, 9.48 , 53.90 , 1.00 , 33.00 , 17.50 ,,,,,,,,,,,,,,,,,,,,,,,,,,,,,,,,,,,,,,,,,,,,,,
25/2/2019, 9.49 , 51.55 , 1.00 , 33.00 , 17.15 ,,,,,,,,,,,,,,,,,,,,,,,,,,,,,,,,,,,,,,,,,,,,,,
26/2/2019, 9.47 , 53.63 , 1.00 , 33.41 , 17.44 ,,,,,,,,,,,,,,,,,,,,,,,,,,,,,,,,,,,,,,,,,,,,,,
27/2/2019, 9.45 , 52.50 , 1.10 , 33.00 , 17.50 ,,,,,,,,,,,,,,,,,,,,,,,,,,,,,,,,,,,,,,,,,,,,,,
28/2/2019, 9.48 , 53.19 , 1.05 , 32.68 , 17.86 ,,,,,,,,,,,,,,,,,,,,,,,,,,,,,,,,,,,,,,,,,,,,,,
1/3/2019, 9.49 , 53.00 , 1.05 , 32.00 , 17.00 ,,,,,,,,,,,,,,,,,,,,,,,,,,,,,,,,,,,,,,,,,,,,,,
4/3/2019, 9.43 , 53.15 , 1.10 , 33.00 , 17.00 ,,,,,,,,,,,,,,,,,,,,,,,,,,,,,,,,,,,,,,,,,,,,,,
5/3/2019, 9.13 , 52.30 , 1.10 , 31.90 , 16.39 ,,,,,,,,,,,,,,,,,,,,,,,,,,,,,,,,,,,,,,,,,,,,,,
7/3/2019, 9.20 , 53.00 , 1.10 , 32.99 , 15.75 ,,,,,,,,,,,,,,,,,,,,,,,,,,,,,,,,,,,,,,,,,,,,,,
8/3/2019, 9.20 , 53.00 , 1.06 , 32.01 , 15.00 ,,,,,,,,,,,,,,,,,,,,,,,,,,,,,,,,,,,,,,,,,,,,,,
11/3/2019, 9.49 , 52.99 , 1.11 , 31.51 , 15.00 ,,,,,,,,,,,,,,,,,,,,,,,,,,,,,,,,,,,,,,,,,,,,,,
12/3/2019, 9.39 , 51.99 , 1.06 , 31.49 , 14.93 ,,,,,,,,,,,,,,,,,,,,,,,,,,,,,,,,,,,,,,,,,,,,,,
13/3/2019, 9.27 , 51.43 , 1.11 , 31.04 , 14.68 ,,,,,,,,,,,,,,,,,,,,,,,,,,,,,,,,,,,,,,,,,,,,,,
14/3/2019, 9.30 , 51.40 , 1.11 , 32.00 , 16.00 ,,,,,,,,,,,,,,,,,,,,,,,,,,,,,,,,,,,,,,,,,,,,,,
15/3/2019, 9.42 , 51.49 , 1.11 , 31.73 , 16.00 ,,,,,,,,,,,,,,,,,,,,,,,,,,,,,,,,,,,,,,,,,,,,,,
18/3/2019, 9.40 , 50.25 , 1.06 , 31.70 , 16.00 ,,,,,,,,,,,,,,,,,,,,,,,,,,,,,,,,,,,,,,,,,,,,,,
19/3/2019, 9.30 , 51.00 , 1.06 , 31.00 , 15.95 ,,,,,,,,,,,,,,,,,,,,,,,,,,,,,,,,,,,,,,,,,,,,,,
20/3/2019, 9.00 , 51.00 , 1.07 , 30.50 , 17.00 ,,,,,,,,,,,,,,,,,,,,,,,,,,,,,,,,,,,,,,,,,,,,,,
21/3/2019, 9.47 , 50.20 , 1.07 , 31.00 , 17.00 ,,,,,,,,,,,,,,,,,,,,,,,,,,,,,,,,,,,,,,,,,,,,,,
22/3/2019, 9.41 , 51.53 , 1.10 , 31.08 , 16.97 ,,,,,,,,,,,,,,,,,,,,,,,,,,,,,,,,,,,,,,,,,,,,,,
25/3/2019, 9.45 , 50.20 , 1.10 , 30.02 , 16.97 ,,,,,,,,,,,,,,,,,,,,,,,,,,,,,,,,,,,,,,,,,,,,,,
26/3/2019, 9.33 , 51.05 , 1.10 , 30.11 , 16.65 ,,,,,,,,,,,,,,,,,,,,,,,,,,,,,,,,,,,,,,,,,,,,,,
27/3/2019, 9.43 , 51.06 , 1.10 , 31.99 , 17.00 ,,,,,,,,,,,,,,,,,,,,,,,,,,,,,,,,,,,,,,,,,,,,,,
28/3/2019, 9.43 , 51.07 , 1.10 , 31.99 , 17.00 ,,,,,,,,,,,,,,,,,,,,,,,,,,,,,,,,,,,,,,,,,,,,,,
29/3/2019, 9.48 , 52.80 , 1.00 , 33.00 , 17.00 ,,,,,,,,,,,,,,,,,,,,,,,,,,,,,,,,,,,,,,,,,,,,,,
1/4/2019, 9.45 , 51.50 , 1.04 , 33.50 , 17.00 ,,,,,,,,,,,,,,,,,,,,,,,,,,,,,,,,,,,,,,,,,,,,,,
2/4/2019, 9.48 , 52.00 , 1.00 , 32.90 , 17.00 ,,,,,,,,,,,,,,,,,,,,,,,,,,,,,,,,,,,,,,,,,,,,,,
3/4/2019, 9.49 , 51.30 , 1.00 , 33.00 , 16.95 ,,,,,,,,,,,,,,,,,,,,,,,,,,,,,,,,,,,,,,,,,,,,,,
4/4/2019, 9.49 , 50.20 , 1.00 , 31.05 , 16.00 ,,,,,,,,,,,,,,,,,,,,,,,,,,,,,,,,,,,,,,,,,,,,,,
5/4/2019, 9.05 , 52.00 , 1.09 , 31.00 , 17.00 ,,,,,,,,,,,,,,,,,,,,,,,,,,,,,,,,,,,,,,,,,,,,,,
8/4/2019, 9.38 , 50.58 , 1.04 , 30.12 , 16.03 ,,,,,,,,,,,,,,,,,,,,,,,,,,,,,,,,,,,,,,,,,,,,,,
9/4/2019, 8.50 , 50.20 , 1.03 , 30.12 , 17.00 ,,,,,,,,,,,,,,,,,,,,,,,,,,,,,,,,,,,,,,,,,,,,,,
10/4/2019, 9.01 , 50.20 , 1.02 , 30.76 , 16.99 ,,,,,,,,,,,,,,,,,,,,,,,,,,,,,,,,,,,,,,,,,,,,,,
11/4/2019, 8.90 , 50.20 , 1.00 , 30.01 , 17.00 ,,,,,,,,,,,,,,,,,,,,,,,,,,,,,,,,,,,,,,,,,,,,,,
12/4/2019, 8.95 , 50.20 , 1.00 , 30.00 , 17.00 ,,,,,,,,,,,,,,,,,,,,,,,,,,,,,,,,,,,,,,,,,,,,,,
15/4/2019, 8.91 , 50.20 , 1.00 , 29.95 , 16.77 ,,,,,,,,,,,,,,,,,,,,,,,,,,,,,,,,,,,,,,,,,,,,,,
16/4/2019, 8.82 , 50.26 , 1.00 , 30.42 , 17.14 ,,,,,,,,,,,,,,,,,,,,,,,,,,,,,,,,,,,,,,,,,,,,,,
17/4/2019, 8.85 , 50.50 , 1.00 , 30.50 , 17.25 ,,,,,,,,,,,,,,,,,,,,,,,,,,,,,,,,,,,,,,,,,,,,,,
18/4/2019, 9.00 , 50.20 , 0.98 , 30.60 , 17.25 ,,,,,,,,,,,,,,,,,,,,,,,,,,,,,,,,,,,,,,,,,,,,,,
23/4/2019, 9.00 , 50.50 , 0.99 , 31.50 , 17.02 ,,,,,,,,,,,,,,,,,,,,,,,,,,,,,,,,,,,,,,,,,,,,,,
24/4/2019, 8.93 , 50.69 , 1.08 , 30.98 , 17.22 ,,,,,,,,,,,,,,,,,,,,,,,,,,,,,,,,,,,,,,,,,,,,,,
25/4/2019, 8.90 , 50.51 , 1.08 , 30.93 , 17.20 ,,,,,,,,,,,,,,,,,,,,,,,,,,,,,,,,,,,,,,,,,,,,,,
26/4/2019, 9.00 , 50.65 , 1.08 , 33.45 , 17.50 ,,,,,,,,,,,,,,,,,,,,,,,,,,,,,,,,,,,,,,,,,,,,,,
29/4/2019, 9.00 , 50.50 , 1.00 , 33.00 , 17.99 ,,,,,,,,,,,,,,,,,,,,,,,,,,,,,,,,,,,,,,,,,,,,,,
30/4/2019, 9.00 , 51.99 , 1.10 , 33.00 , 18.00 ,,,,,,,,,,,,,,,,,,,,,,,,,,,,,,,,,,,,,,,,,,,,,,
1/5/2019, 8.95 , 51.99 , 1.05 , 31.50 , 20.00 ,,,,,,,,,,,,,,,,,,,,,,,,,,,,,,,,,,,,,,,,,,,,,,
2/5/2019, 9.01 , 50.50 , 1.05 , 33.40 , 20.10 ,,,,,,,,,,,,,,,,,,,,,,,,,,,,,,,,,,,,,,,,,,,,,,
3/5/2019, 9.00 , 53.00 , 1.15 , 34.00 , 20.02 ,,,,,,,,,,,,,,,,,,,,,,,,,,,,,,,,,,,,,,,,,,,,,,
6/5/2019, 8.99 , 50.75 , 1.07 , 32.00 , 20.10 ,,,,,,,,,,,,,,,,,,,,,,,,,,,,,,,,,,,,,,,,,,,,,,
7/5/2019, 8.99 , 51.05 , 1.05 , 34.00 , 20.00 ,,,,,,,,,,,,,,,,,,,,,,,,,,,,,,,,,,,,,,,,,,,,,,
8/5/2019, 8.92 , 51.00 , 1.10 , 33.99 , 20.10 ,,,,,,,,,,,,,,,,,,,,,,,,,,,,,,,,,,,,,,,,,,,,,,
9/5/2019, 8.93 , 50.30 , 1.10 , 34.00 , 20.10 ,,,,,,,,,,,,,,,,,,,,,,,,,,,,,,,,,,,,,,,,,,,,,,
10/5/2019, 8.99 , 50.99 , 1.10 , 33.95 , 20.05 ,,,,,,,,,,,,,,,,,,,,,,,,,,,,,,,,,,,,,,,,,,,,,,
13/5/2019, 8.93 , 50.00 , 1.05 , 33.00 , 20.05 ,,,,,,,,,,,,,,,,,,,,,,,,,,,,,,,,,,,,,,,,,,,,,,
14/5/2019, 8.92 , 51.00 , 1.05 , 33.85 , 20.00 ,,,,,,,,,,,,,,,,,,,,,,,,,,,,,,,,,,,,,,,,,,,,,,
15/5/2019, 8.95 , 50.40 , 1.05 , 33.94 , 20.00 ,,,,,,,,,,,,,,,,,,,,,,,,,,,,,,,,,,,,,,,,,,,,,,
16/5/2019, 8.97 , 50.89 , 1.05 , 38.48 , 19.76 ,,,,,,,,,,,,,,,,,,,,,,,,,,,,,,,,,,,,,,,,,,,,,,
17/5/2019, 9.00 , 50.68 , 1.06 , 37.68 , 18.19 ,,,,,,,,,,,,,,,,,,,,,,,,,,,,,,,,,,,,,,,,,,,,,,
20/5/2019, 8.99 , 50.17 , 1.05 , 38.75 , 18.83 ,,,,,,,,,,,,,,,,,,,,,,,,,,,,,,,,,,,,,,,,,,,,,,
21/5/2019, 8.97 , 49.15 , 1.05 , 38.52 , 19.48 ,,,,,,,,,,,,,,,,,,,,,,,,,,,,,,,,,,,,,,,,,,,,,,
22/5/2019, 8.99 , 50.96 , 1.05 , 38.70 , 19.01 ,,,,,,,,,,,,,,,,,,,,,,,,,,,,,,,,,,,,,,,,,,,,,,
24/5/2019, 9.00 , 50.08 , 1.00 , 38.85 , 19.25 ,,,,,,,,,,,,,,,,,,,,,,,,,,,,,,,,,,,,,,,,,,,,,,
27/5/2019, 8.95 , 52.64 , 1.09 , 38.95 , 19.06 ,,,,,,,,,,,,,,,,,,,,,,,,,,,,,,,,,,,,,,,,,,,,,,
28/5/2019, 8.96 , 51.51 , 1.09 , 38.87 , 19.00 ,,,,,,,,,,,,,,,,,,,,,,,,,,,,,,,,,,,,,,,,,,,,,,
29/5/2019, 9.00 , 51.61 , 1.09 , 38.97 , 19.36 ,,,,,,,,,,,,,,,,,,,,,,,,,,,,,,,,,,,,,,,,,,,,,,
30/5/2019, 8.99 , 51.98 , 1.09 , 39.00 , 19.80 ,,,,,,,,,,,,,,,,,,,,,,,,,,,,,,,,,,,,,,,,,,,,,,
31/5/2019, 8.99 , 51.96 , 1.10 , 38.98 , 19.73 ,,,,,,,,,,,,,,,,,,,,,,,,,,,,,,,,,,,,,,,,,,,,,,
3/6/2019, 8.96 , 51.67 , 1.10 , 39.28 , 19.84 ,,,,,,,,,,,,,,,,,,,,,,,,,,,,,,,,,,,,,,,,,,,,,,
4/6/2019, 8.99 , 51.01 , 1.10 , 39.55 , 19.87 ,,,,,,,,,,,,,,,,,,,,,,,,,,,,,,,,,,,,,,,,,,,,,,
5/6/2019, 8.98 , 51.07 , 1.09 , 39.79 , 19.65 ,,,,,,,,,,,,,,,,,,,,,,,,,,,,,,,,,,,,,,,,,,,,,,
6/6/2019, 8.98 , 51.34 , 1.10 , 39.85 , 19.21 ,,,,,,,,,,,,,,,,,,,,,,,,,,,,,,,,,,,,,,,,,,,,,,
7/6/2019, 8.94 , 51.35 , 1.10 , 39.79 , 18.58 ,,,,,,,,,,,,,,,,,,,,,,,,,,,,,,,,,,,,,,,,,,,,,,
10/6/2019, 8.91 , 51.14 , #N/A N/A , 39.37 , 19.69 ,,,,,,,,,,,,,,,,,,,,,,,,,,,,,,,,,,,,,,,,,,,,,,
11/6/2019, 8.91 , 51.46 , 1.05 , 36.60 , 19.75 ,,,,,,,,,,,,,,,,,,,,,,,,,,,,,,,,,,,,,,,,,,,,,,
12/6/2019, 8.91 , 51.49 , 1.10 , 39.33 , 19.91 ,,,,,,,,,,,,,,,,,,,,,,,,,,,,,,,,,,,,,,,,,,,,,,
13/6/2019, 8.89 , 51.10 , #N/A N/A , 39.32 , 19.75 ,,,,,,,,,,,,,,,,,,,,,,,,,,,,,,,,,,,,,,,,,,,,,,
14/6/2019, 8.73 , 53.38 , #N/A N/A , 38.67 , 19.72 ,,,,,,,,,,,,,,,,,,,,,,,,,,,,,,,,,,,,,,,,,,,,,,
17/6/2019, 8.42 , 53.14 , 1.07 , 39.02 , 19.92 ,,,,,,,,,,,,,,,,,,,,,,,,,,,,,,,,,,,,,,,,,,,,,,
18/6/2019, 8.03 , 54.04 , 1.07 , 38.91 , 20.02 ,,,,,,,,,,,,,,,,,,,,,,,,,,,,,,,,,,,,,,,,,,,,,,
19/6/2019, 7.86 , 55.09 , 1.05 , 39.03 , 21.06 ,,,,,,,,,,,,,,,,,,,,,,,,,,,,,,,,,,,,,,,,,,,,,,
20/6/2019, 8.19 , 55.58 , 1.06 , 38.75 , 22.19 ,,,,,,,,,,,,,,,,,,,,,,,,,,,,,,,,,,,,,,,,,,,,,,
21/6/2019, 8.17 , 58.40 , 1.06 , 38.50 , 25.01 ,,,,,,,,,,,,,,,,,,,,,,,,,,,,,,,,,,,,,,,,,,,,,,
24/6/2019, 8.19 , 58.70 , 1.06 , 38.69 , 27.60 ,,,,,,,,,,,,,,,,,,,,,,,,,,,,,,,,,,,,,,,,,,,,,,
25/6/2019, 8.16 , 56.85 , 1.00 , 38.89 , 29.29 ,,,,,,,,,,,,,,,,,,,,,,,,,,,,,,,,,,,,,,,,,,,,,,
26/6/2019, 8.19 , 56.63 , 0.75 , 39.12 , 26.95 ,,,,,,,,,,,,,,,,,,,,,,,,,,,,,,,,,,,,,,,,,,,,,,
27/6/2019, 8.04 , 55.92 , 0.82 , 39.65 , 25.58 ,,,,,,,,,,,,,,,,,,,,,,,,,,,,,,,,,,,,,,,,,,,,,,
28/6/2019, 8.02 , 57.50 , #N/A N/A , 39.99 , 28.02 ,,,,,,,,,,,,,,,,,,,,,,,,,,,,,,,,,,,,,,,,,,,,,,
1/7/2019, 8.03 , 57.55 , 0.90 , 41.34 , 27.99 ,,,,,,,,,,,,,,,,,,,,,,,,,,,,,,,,,,,,,,,,,,,,,,
2/7/2019, 7.95 , 57.48 , 0.90 , 43.04 , 28.14 ,,,,,,,,,,,,,,,,,,,,,,,,,,,,,,,,,,,,,,,,,,,,,,
3/7/2019, 7.94 , 55.43 , 1.04 , 44.38 , 29.02 ,,,,,,,,,,,,,,,,,,,,,,,,,,,,,,,,,,,,,,,,,,,,,,
4/7/2019, 8.00 , 56.42 , 1.10 , 46.35 , 28.53 ,,,,,,,,,,,,,,,,,,,,,,,,,,,,,,,,,,,,,,,,,,,,,,
5/7/2019, 7.98 , 56.63 , 1.10 , 47.85 , 28.61 ,,,,,,,,,,,,,,,,,,,,,,,,,,,,,,,,,,,,,,,,,,,,,,
8/7/2019, 7.99 , 56.70 , 1.08 , 47.89 , 29.53 ,,,,,,,,,,,,,,,,,,,,,,,,,,,,,,,,,,,,,,,,,,,,,,
9/7/2019, 8.00 , 57.19 , #N/A N/A , 53.00 , 30.08 ,,,,,,,,,,,,,,,,,,,,,,,,,,,,,,,,,,,,,,,,,,,,,,
10/7/2019, 7.91 , 57.27 , 1.05 , 51.07 , 33.25 ,,,,,,,,,,,,,,,,,,,,,,,,,,,,,,,,,,,,,,,,,,,,,,
11/7/2019, 7.92 , 57.37 , 1.05 , 46.97 , 31.18 ,,,,,,,,,,,,,,,,,,,,,,,,,,,,,,,,,,,,,,,,,,,,,,
12/7/2019, 7.83 , 57.10 , 1.03 , 52.49 , 32.64 ,,,,,,,,,,,,,,,,,,,,,,,,,,,,,,,,,,,,,,,,,,,,,,
15/7/2019, 7.80 , 57.01 , 1.03 , 53.16 , 30.36 ,,,,,,,,,,,,,,,,,,,,,,,,,,,,,,,,,,,,,,,,,,,,,,
16/7/2019, 7.82 , 57.00 , 1.03 , 52.59 , 32.79 ,,,,,,,,,,,,,,,,,,,,,,,,,,,,,,,,,,,,,,,,,,,,,,
17/7/2019, 7.88 , 57.50 , 1.13 , 52.63 , 34.24 ,,,,,,,,,,,,,,,,,,,,,,,,,,,,,,,,,,,,,,,,,,,,,,
18/7/2019, 7.81 , 56.75 , 1.09 , 47.91 , 34.53 ,,,,,,,,,,,,,,,,,,,,,,,,,,,,,,,,,,,,,,,,,,,,,,
19/7/2019, 7.88 , 56.80 , #N/A N/A , 53.20 , 36.00 ,,,,,,,,,,,,,,,,,,,,,,,,,,,,,,,,,,,,,,,,,,,,,,
22/7/2019, 7.88 , 56.79 , 1.15 , 51.06 , 37.44 ,,,,,,,,,,,,,,,,,,,,,,,,,,,,,,,,,,,,,,,,,,,,,,
23/7/2019, 7.89 , 56.05 , 1.10 , 52.58 , 37.87 ,,,,,,,,,,,,,,,,,,,,,,,,,,,,,,,,,,,,,,,,,,,,,,
24/7/2019, 7.83 , 55.78 , #N/A N/A , 52.55 , 38.51 ,,,,,,,,,,,,,,,,,,,,,,,,,,,,,,,,,,,,,,,,,,,,,,
25/7/2019, 7.88 , 55.52 , 0.82 , 53.31 , 37.01 ,,,,,,,,,,,,,,,,,,,,,,,,,,,,,,,,,,,,,,,,,,,,,,
26/7/2019, 7.92 , 55.44 , #N/A N/A , 51.30 , 33.20 ,,,,,,,,,,,,,,,,,,,,,,,,,,,,,,,,,,,,,,,,,,,,,,
29/7/2019, 7.91 , 55.00 , 0.90 , 47.04 , 32.12 ,,,,,,,,,,,,,,,,,,,,,,,,,,,,,,,,,,,,,,,,,,,,,,
30/7/2019, 7.89 , 55.58 , #N/A N/A , 51.95 , 29.40 ,,,,,,,,,,,,,,,,,,,,,,,,,,,,,,,,,,,,,,,,,,,,,,
31/7/2019, 7.90 , 56.67 , #N/A N/A , 51.41 , 29.28 ,,,,,,,,,,,,,,,,,,,,,,,,,,,,,,,,,,,,,,,,,,,,,,
2/8/2019, 7.95 , 55.58 , 0.98 , 52.85 , 28.39 ,,,,,,,,,,,,,,,,,,,,,,,,,,,,,,,,,,,,,,,,,,,,,,
5/8/2019, 7.89 , 54.25 , #N/A N/A , 52.34 , 28.25 ,,,,,,,,,,,,,,,,,,,,,,,,,,,,,,,,,,,,,,,,,,,,,,
7/8/2019, 7.95 , 53.19 , 1.09 , 52.12 , 25.19 ,,,,,,,,,,,,,,,,,,,,,,,,,,,,,,,,,,,,,,,,,,,,,,
8/8/2019, 7.98 , 55.15 , 1.03 , 51.84 , 22.84 ,,,,,,,,,,,,,,,,,,,,,,,,,,,,,,,,,,,,,,,,,,,,,,
9/8/2019, 7.87 , 56.47 , #N/A N/A , 51.52 , 18.07 ,,,,,,,,,,,,,,,,,,,,,,,,,,,,,,,,,,,,,,,,,,,,,,
12/8/2019, 8.18 , 55.92 , 1.02 , 50.27 , 25.58 ,,,,,,,,,,,,,,,,,,,,,,,,,,,,,,,,,,,,,,,,,,,,,,
13/8/2019, 8.19 , 55.62 , 1.03 , 49.68 , 28.49 ,,,,,,,,,,,,,,,,,,,,,,,,,,,,,,,,,,,,,,,,,,,,,,
14/8/2019, 7.97 , 53.11 , 1.00 , 48.79 , 29.58 ,,,,,,,,,,,,,,,,,,,,,,,,,,,,,,,,,,,,,,,,,,,,,,
15/8/2019, 7.92 , 54.49 , #N/A N/A , 49.72 , 29.99 ,,,,,,,,,,,,,,,,,,,,,,,,,,,,,,,,,,,,,,,,,,,,,,
16/8/2019, 7.91 , 56.10 , 1.03 , 49.93 , 30.01 ,,,,,,,,,,,,,,,,,,,,,,,,,,,,,,,,,,,,,,,,,,,,,,
19/8/2019, 8.02 , 54.42 , 1.03 , 51.26 , 30.02 ,,,,,,,,,,,,,,,,,,,,,,,,,,,,,,,,,,,,,,,,,,,,,,
20/8/2019, 7.91 , 56.98 , 1.00 , 52.63 , 29.92 ,,,,,,,,,,,,,,,,,,,,,,,,,,,,,,,,,,,,,,,,,,,,,,
21/8/2019, 7.97 , 56.55 , 1.07 , 52.66 , 30.02 ,,,,,,,,,,,,,,,,,,,,,,,,,,,,,,,,,,,,,,,,,,,,,,
22/8/2019, 8.02 , 55.24 , 1.07 , 52.64 , 30.96 ,,,,,,,,,,,,,,,,,,,,,,,,,,,,,,,,,,,,,,,,,,,,,,
23/8/2019, 7.95 , 57.21 , #N/A N/A , 52.55 , 31.56 ,,,,,,,,,,,,,,,,,,,,,,,,,,,,,,,,,,,,,,,,,,,,,,
26/8/2019, 8.10 , 55.07 , 1.00 , 51.15 , 29.69 ,,,,,,,,,,,,,,,,,,,,,,,,,,,,,,,,,,,,,,,,,,,,,,
27/8/2019, 8.57 , 55.17 , 1.13 , 49.31 , 28.40 ,,,,,,,,,,,,,,,,,,,,,,,,,,,,,,,,,,,,,,,,,,,,,,
28/8/2019, 8.50 , 55.12 , 1.13 , 49.90 , 27.28 ,,,,,,,,,,,,,,,,,,,,,,,,,,,,,,,,,,,,,,,,,,,,,,
29/8/2019, 8.53 , 54.29 , 1.12 , 50.49 , 24.84 ,,,,,,,,,,,,,,,,,,,,,,,,,,,,,,,,,,,,,,,,,,,,,,
30/8/2019, 8.68 , 54.37 , 1.20 , 50.66 , 25.36 ,,,,,,,,,,,,,,,,,,,,,,,,,,,,,,,,,,,,,,,,,,,,,,
2/9/2019, 8.40 , 55.90 , 1.16 , 49.83 , 25.30 ,,,,,,,,,,,,,,,,,,,,,,,,,,,,,,,,,,,,,,,,,,,,,,
3/9/2019, 8.57 , 55.37 , 1.22 , 49.58 , 25.81 ,,,,,,,,,,,,,,,,,,,,,,,,,,,,,,,,,,,,,,,,,,,,,,
4/9/2019, 8.53 , 55.60 , 1.22 , 49.25 , 23.80 ,,,,,,,,,,,,,,,,,,,,,,,,,,,,,,,,,,,,,,,,,,,,,,
5/9/2019, 8.44 , 57.00 , 1.23 , 49.39 , 25.77 ,,,,,,,,,,,,,,,,,,,,,,,,,,,,,,,,,,,,,,,,,,,,,,
6/9/2019, 8.40 , 57.48 , 1.19 , 49.49 , 24.88 ,,,,,,,,,,,,,,,,,,,,,,,,,,,,,,,,,,,,,,,,,,,,,,
9/9/2019, 8.75 , 55.46 , 1.17 , 49.45 , 24.67 ,,,,,,,,,,,,,,,,,,,,,,,,,,,,,,,,,,,,,,,,,,,,,,
10/9/2019, 8.80 , 56.38 , 1.17 , 47.95 , 23.97 ,,,,,,,,,,,,,,,,,,,,,,,,,,,,,,,,,,,,,,,,,,,,,,
11/9/2019, 8.55 , 56.49 , 1.20 , 48.93 , 25.76 ,,,,,,,,,,,,,,,,,,,,,,,,,,,,,,,,,,,,,,,,,,,,,,
12/9/2019, 8.31 , 54.28 , 1.23 , 48.36 , 24.76 ,,,,,,,,,,,,,,,,,,,,,,,,,,,,,,,,,,,,,,,,,,,,,,
13/9/2019, 8.38 , 56.21 , 1.23 , 47.08 , 25.54 ,,,,,,,,,,,,,,,,,,,,,,,,,,,,,,,,,,,,,,,,,,,,,,
16/9/2019, 8.50 , 57.50 , 1.17 , 48.00 , 27.00 ,,,,,,,,,,,,,,,,,,,,,,,,,,,,,,,,,,,,,,,,,,,,,,
17/9/2019, 8.06 , 56.66 , 1.17 , 47.45 , 26.61 ,,,,,,,,,,,,,,,,,,,,,,,,,,,,,,,,,,,,,,,,,,,,,,
18/9/2019, 8.32 , 56.60 , 1.01 , 43.92 , 25.70 ,,,,,,,,,,,,,,,,,,,,,,,,,,,,,,,,,,,,,,,,,,,,,,
19/9/2019, 8.00 , 57.01 , 1.06 , 46.81 , 25.58 ,,,,,,,,,,,,,,,,,,,,,,,,,,,,,,,,,,,,,,,,,,,,,,
20/9/2019, 8.15 , 57.50 , 1.11 , 46.37 , 26.02 ,,,,,,,,,,,,,,,,,,,,,,,,,,,,,,,,,,,,,,,,,,,,,,
23/9/2019, 8.27 , 57.50 , 1.19 , 46.00 , 26.77 ,,,,,,,,,,,,,,,,,,,,,,,,,,,,,,,,,,,,,,,,,,,,,,
24/9/2019, 8.38 , 58.93 , 1.18 , 41.42 , 25.42 ,,,,,,,,,,,,,,,,,,,,,,,,,,,,,,,,,,,,,,,,,,,,,,
25/9/2019, 8.50 , 60.01 , 1.09 , 41.13 , 25.77 ,,,,,,,,,,,,,,,,,,,,,,,,,,,,,,,,,,,,,,,,,,,,,,
26/9/2019, 8.10 , 59.96 , 1.15 , 43.09 , 26.64 ,,,,,,,,,,,,,,,,,,,,,,,,,,,,,,,,,,,,,,,,,,,,,,
27/9/2019, 8.48 , 60.85 , 1.06 , 44.79 , 27.21 ,,,,,,,,,,,,,,,,,,,,,,,,,,,,,,,,,,,,,,,,,,,,,,
30/9/2019, 8.13 , 61.51 , 1.10 , 43.56 , 26.57 ,,,,,,,,,,,,,,,,,,,,,,,,,,,,,,,,,,,,,,,,,,,,,,
1/10/2019, 8.12 , 61.31 , 1.18 , 46.51 , 27.37 ,,,,,,,,,,,,,,,,,,,,,,,,,,,,,,,,,,,,,,,,,,,,,,
2/10/2019, 8.14 , 61.64 , #N/A N/A , 45.63 , 27.17 ,,,,,,,,,,,,,,,,,,,,,,,,,,,,,,,,,,,,,,,,,,,,,,
3/10/2019, 8.13 , 61.78 , #N/A N/A , 45.12 , 27.43 ,,,,,,,,,,,,,,,,,,,,,,,,,,,,,,,,,,,,,,,,,,,,,,
4/10/2019, 8.27 , 61.50 , 1.03 , 46.28 , 27.16 ,,,,,,,,,,,,,,,,,,,,,,,,,,,,,,,,,,,,,,,,,,,,,,
7/10/2019, 8.29 , 58.01 , 1.05 , 39.09 , 27.98 ,,,,,,,,,,,,,,,,,,,,,,,,,,,,,,,,,,,,,,,,,,,,,,
8/10/2019, 8.03 , 58.62 , #N/A N/A , 43.68 , 29.03 ,,,,,,,,,,,,,,,,,,,,,,,,,,,,,,,,,,,,,,,,,,,,,,
9/10/2019, 8.01 , 58.63 , #N/A N/A , 42.10 , 29.79 ,,,,,,,,,,,,,,,,,,,,,,,,,,,,,,,,,,,,,,,,,,,,,,
10/10/2019, 8.01 , 59.06 , #N/A N/A , 41.79 , 29.76 ,,,,,,,,,,,,,,,,,,,,,,,,,,,,,,,,,,,,,,,,,,,,,,
11/10/2019, 8.09 , 57.93 , 1.03 , 42.66 , 28.60 ,,,,,,,,,,,,,,,,,,,,,,,,,,,,,,,,,,,,,,,,,,,,,,
14/10/2019, 8.03 , 57.25 , #N/A N/A , 42.64 , 28.64 ,,,,,,,,,,,,,,,,,,,,,,,,,,,,,,,,,,,,,,,,,,,,,,
15/10/2019, 8.08 , 56.83 , #N/A N/A , 42.67 , 28.60 ,,,,,,,,,,,,,,,,,,,,,,,,,,,,,,,,,,,,,,,,,,,,,,
16/10/2019, 8.17 , 57.23 , 1.04 , 41.21 , 28.98 ,,,,,,,,,,,,,,,,,,,,,,,,,,,,,,,,,,,,,,,,,,,,,,
17/10/2019, 8.06 , 56.11 , 1.10 , 40.98 , 28.67 ,,,,,,,,,,,,,,,,,,,,,,,,,,,,,,,,,,,,,,,,,,,,,,
18/10/2019, 8.08 , 58.29 , 1.10 , 40.09 , 28.59 ,,,,,,,,,,,,,,,,,,,,,,,,,,,,,,,,,,,,,,,,,,,,,,
22/10/2019, 8.00 , 56.56 , 1.08 , 40.80 , 28.41 ,,,,,,,,,,,,,,,,,,,,,,,,,,,,,,,,,,,,,,,,,,,,,,
23/10/2019, 8.00 , 55.97 , 1.04 , 41.80 , 28.12 ,,,,,,,,,,,,,,,,,,,,,,,,,,,,,,,,,,,,,,,,,,,,,,
24/10/2019, 7.96 , 55.72 , 1.14 , 40.51 , 28.21 ,,,,,,,,,,,,,,,,,,,,,,,,,,,,,,,,,,,,,,,,,,,,,,
25/10/2019, 7.95 , 55.82 , 1.14 , 39.35 , 28.34 ,,,,,,,,,,,,,,,,,,,,,,,,,,,,,,,,,,,,,,,,,,,,,,
28/10/2019, 7.89 , 53.25 , #N/A N/A , 39.88 , 28.24 ,,,,,,,,,,,,,,,,,,,,,,,,,,,,,,,,,,,,,,,,,,,,,,
29/10/2019, 7.90 , 52.13 , 1.05 , 40.98 , 28.90 ,,,,,,,,,,,,,,,,,,,,,,,,,,,,,,,,,,,,,,,,,,,,,,
30/10/2019, 7.90 , 53.21 , 1.05 , 41.07 , 28.99 ,,,,,,,,,,,,,,,,,,,,,,,,,,,,,,,,,,,,,,,,,,,,,,
31/10/2019, 8.08 , 55.19 , 1.11 , 42.38 , 29.19 ,,,,,,,,,,,,,,,,,,,,,,,,,,,,,,,,,,,,,,,,,,,,,,
1/11/2019, 8.65 , 56.63 , #N/A N/A , 42.24 , 29.42 ,,,,,,,,,,,,,,,,,,,,,,,,,,,,,,,,,,,,,,,,,,,,,,
4/11/2019, 8.51 , 57.20 , 1.15 , 42.48 , 29.91 ,,,,,,,,,,,,,,,,,,,,,,,,,,,,,,,,,,,,,,,,,,,,,,
5/11/2019, 8.29 , 55.68 , 1.14 , 41.99 , 29.21 ,,,,,,,,,,,,,,,,,,,,,,,,,,,,,,,,,,,,,,,,,,,,,,
6/11/2019, 8.44 , 57.57 , 1.14 , 41.56 , 29.76 ,,,,,,,,,,,,,,,,,,,,,,,,,,,,,,,,,,,,,,,,,,,,,,
7/11/2019, 8.61 , 55.25 , #N/A N/A , 41.92 , 29.39 ,,,,,,,,,,,,,,,,,,,,,,,,,,,,,,,,,,,,,,,,,,,,,,
8/11/2019, 8.11 , 57.04 , #N/A N/A , 42.91 , 30.15 ,,,,,,,,,,,,,,,,,,,,,,,,,,,,,,,,,,,,,,,,,,,,,,
11/11/2019, 8.36 , 55.13 , 1.04 , 43.00 , 31.61 ,,,,,,,,,,,,,,,,,,,,,,,,,,,,,,,,,,,,,,,,,,,,,,
12/11/2019, 8.71 , 55.21 , 1.14 , 42.98 , 31.67 ,,,,,,,,,,,,,,,,,,,,,,,,,,,,,,,,,,,,,,,,,,,,,,
13/11/2019, 8.73 , 55.55 , 1.14 , 43.00 , 33.39 ,,,,,,,,,,,,,,,,,,,,,,,,,,,,,,,,,,,,,,,,,,,,,,
14/11/2019, 8.73 , 55.43 , 1.24 , 42.86 , 34.39 ,,,,,,,,,,,,,,,,,,,,,,,,,,,,,,,,,,,,,,,,,,,,,,
15/11/2019, 8.71 , 52.87 , 1.22 , 42.27 , 31.13 ,,,,,,,,,,,,,,,,,,,,,,,,,,,,,,,,,,,,,,,,,,,,,,
18/11/2019, 8.63 , 52.12 , 1.20 , 42.60 , 28.54 ,,,,,,,,,,,,,,,,,,,,,,,,,,,,,,,,,,,,,,,,,,,,,,
19/11/2019, 8.56 , 55.00 , 1.15 , 42.79 , 27.15 ,,,,,,,,,,,,,,,,,,,,,,,,,,,,,,,,,,,,,,,,,,,,,,
20/11/2019, 8.34 , 54.63 , 1.12 , 43.35 , 28.66 ,,,,,,,,,,,,,,,,,,,,,,,,,,,,,,,,,,,,,,,,,,,,,,
21/11/2019, 8.19 , 54.50 , 1.16 , 44.95 , 29.65 ,,,,,,,,,,,,,,,,,,,,,,,,,,,,,,,,,,,,,,,,,,,,,,
22/11/2019, 8.33 , 52.95 , 1.17 , 45.23 , 27.50 ,,,,,,,,,,,,,,,,,,,,,,,,,,,,,,,,,,,,,,,,,,,,,,
25/11/2019, 8.35 , 55.73 , 1.17 , 46.33 , 25.28 ,,,,,,,,,,,,,,,,,,,,,,,,,,,,,,,,,,,,,,,,,,,,,,
26/11/2019, 8.48 , 54.43 , 1.20 , 46.82 , 25.29 ,,,,,,,,,,,,,,,,,,,,,,,,,,,,,,,,,,,,,,,,,,,,,,
27/11/2019, 8.53 , 54.84 , 1.20 , 46.67 , 25.97 ,,,,,,,,,,,,,,,,,,,,,,,,,,,,,,,,,,,,,,,,,,,,,,
28/11/2019, 8.34 , 54.85 , #N/A N/A , 46.85 , 27.11 ,,,,,,,,,,,,,,,,,,,,,,,,,,,,,,,,,,,,,,,,,,,,,,
29/11/2019, 8.13 , 54.05 , 1.20 , 46.32 , 27.00 ,,,,,,,,,,,,,,,,,,,,,,,,,,,,,,,,,,,,,,,,,,,,,,
2/12/2019, 8.24 , 54.20 , 1.20 , 46.74 , 26.69 ,,,,,,,,,,,,,,,,,,,,,,,,,,,,,,,,,,,,,,,,,,,,,,
3/12/2019, 8.12 , 55.90 , 1.18 , 47.46 , 26.98 ,,,,,,,,,,,,,,,,,,,,,,,,,,,,,,,,,,,,,,,,,,,,,,
4/12/2019, 8.35 , 56.00 , #N/A N/A , 48.00 , 27.58 ,,,,,,,,,,,,,,,,,,,,,,,,,,,,,,,,,,,,,,,,,,,,,,
5/12/2019, 8.49 , 56.00 , 1.20 , 45.01 , 27.99 ,,,,,,,,,,,,,,,,,,,,,,,,,,,,,,,,,,,,,,,,,,,,,,
6/12/2019, 8.49 , 57.99 , 1.20 , 47.00 , 27.99 ,,,,,,,,,,,,,,,,,,,,,,,,,,,,,,,,,,,,,,,,,,,,,,
9/12/2019, 8.49 , 57.99 , 1.20 , 47.00 , 27.99 ,,,,,,,,,,,,,,,,,,,,,,,,,,,,,,,,,,,,,,,,,,,,,,
10/12/2019, 8.40 , 57.00 , 1.24 , 46.75 , 27.80 ,,,,,,,,,,,,,,,,,,,,,,,,,,,,,,,,,,,,,,,,,,,,,,
11/12/2019, 8.40 , 57.50 , 1.25 , 47.00 , 27.80 ,,,,,,,,,,,,,,,,,,,,,,,,,,,,,,,,,,,,,,,,,,,,,,
12/12/2019, 8.40 , 55.50 , 1.24 , 48.00 , 28.00 ,,,,,,,,,,,,,,,,,,,,,,,,,,,,,,,,,,,,,,,,,,,,,,
13/12/2019, 8.40 , 55.50 , 1.20 , 48.00 , 27.95 ,,,,,,,,,,,,,,,,,,,,,,,,,,,,,,,,,,,,,,,,,,,,,,
16/12/2019, 8.25 , 55.00 , 1.22 , 48.00 , 27.00 ,,,,,,,,,,,,,,,,,,,,,,,,,,,,,,,,,,,,,,,,,,,,,,
17/12/2019, 8.44 , 55.45 , 1.14 , 47.87 , 27.95 ,,,,,,,,,,,,,,,,,,,,,,,,,,,,,,,,,,,,,,,,,,,,,,
18/12/2019, 8.10 , 55.50 , 1.10 , 46.50 , 27.95 ,,,,,,,,,,,,,,,,,,,,,,,,,,,,,,,,,,,,,,,,,,,,,,
19/12/2019, 8.49 , 54.70 , 1.11 , 47.03 , 27.95 ,,,,,,,,,,,,,,,,,,,,,,,,,,,,,,,,,,,,,,,,,,,,,,
20/12/2019, 8.17 , 54.00 , 1.10 , 47.80 , 27.98 ,,,,,,,,,,,,,,,,,,,,,,,,,,,,,,,,,,,,,,,,,,,,,,
23/12/2019, 8.30 , 54.00 , 1.11 , 46.50 , 27.97 ,,,,,,,,,,,,,,,,,,,,,,,,,,,,,,,,,,,,,,,,,,,,,,
24/12/2019, 8.30 , 55.00 , 1.22 , 46.95 , 27.99 ,,,,,,,,,,,,,,,,,,,,,,,,,,,,,,,,,,,,,,,,,,,,,,
27/12/2019, 8.15 , 55.50 , 1.22 , 46.94 , 27.97 ,,,,,,,,,,,,,,,,,,,,,,,,,,,,,,,,,,,,,,,,,,,,,,
30/12/2019, 8.20 , 55.01 , 1.22 , 45.85 , 27.95 ,,,,,,,,,,,,,,,,,,,,,,,,,,,,,,,,,,,,,,,,,,,,,,
31/12/2019, 8.20 , 57.20 , 1.05 , 46.20 , 27.90 ,,,,,,,,,,,,,,,,,,,,,,,,,,,,,,,,,,,,,,,,,,,,,,
2/1/2020, 8.20 , 56.00 , #N/A N/A , 47.50 , 27.50 ,,,,,,,,,,,,,,,,,,,,,,,,,,,,,,,,,,,,,,,,,,,,,,
3/1/2020, 8.20 , 57.99 , 1.06 , 48.00 , 27.97 ,,,,,,,,,,,,,,,,,,,,,,,,,,,,,,,,,,,,,,,,,,,,,,
6/1/2020, 8.30 , 57.00 , #N/A N/A , 48.00 , 27.97 ,,,,,,,,,,,,,,,,,,,,,,,,,,,,,,,,,,,,,,,,,,,,,,
7/1/2020, 8.30 , 57.00 , #N/A N/A , 48.00 , 27.99 ,,,,,,,,,,,,,,,,,,,,,,,,,,,,,,,,,,,,,,,,,,,,,,
8/1/2020, 8.05 , 56.50 , 1.05 , 47.82 , 28.39 ,,,,,,,,,,,,,,,,,,,,,,,,,,,,,,,,,,,,,,,,,,,,,,
9/1/2020, 8.20 , 58.00 , 1.21 , 48.00 , 28.38 ,,,,,,,,,,,,,,,,,,,,,,,,,,,,,,,,,,,,,,,,,,,,,,
10/1/2020, 8.29 , 51.06 , 1.13 , 48.39 , 27.95 ,,,,,,,,,,,,,,,,,,,,,,,,,,,,,,,,,,,,,,,,,,,,,,
13/1/2020, 8.29 , 55.00 , 1.00 , 45.80 , 27.95 ,,,,,,,,,,,,,,,,,,,,,,,,,,,,,,,,,,,,,,,,,,,,,,
14/1/2020, 8.00 , 58.00 , 1.03 , 48.00 , 28.85 ,,,,,,,,,,,,,,,,,,,,,,,,,,,,,,,,,,,,,,,,,,,,,,
15/1/2020, 8.20 , 57.95 , 1.05 , 46.75 , 28.71 ,,,,,,,,,,,,,,,,,,,,,,,,,,,,,,,,,,,,,,,,,,,,,,
16/1/2020, 8.20 , 55.00 , 1.05 , 47.01 , 28.80 ,,,,,,,,,,,,,,,,,,,,,,,,,,,,,,,,,,,,,,,,,,,,,,
17/1/2020, 8.10 , 56.00 , 1.06 , 47.10 , 28.86 ,,,,,,,,,,,,,,,,,,,,,,,,,,,,,,,,,,,,,,,,,,,,,,
20/1/2020, 8.20 , 55.01 , 1.15 , 48.36 , 32.50 ,,,,,,,,,,,,,,,,,,,,,,,,,,,,,,,,,,,,,,,,,,,,,,
21/1/2020, 7.98 , 58.00 , 1.10 , 48.30 , 32.88 ,,,,,,,,,,,,,,,,,,,,,,,,,,,,,,,,,,,,,,,,,,,,,,
22/1/2020, 8.00 , 56.00 , 1.05 , 45.60 , 31.55 ,,,,,,,,,,,,,,,,,,,,,,,,,,,,,,,,,,,,,,,,,,,,,,
23/1/2020, 8.14 , 54.21 , 1.05 , 45.20 , 34.95 ,,,,,,,,,,,,,,,,,,,,,,,,,,,,,,,,,,,,,,,,,,,,,,
24/1/2020, 8.00 , 54.00 , #N/A N/A , 47.00 , 34.00 ,,,,,,,,,,,,,,,,,,,,,,,,,,,,,,,,,,,,,,,,,,,,,,
27/1/2020, 8.13 , 56.00 , 1.12 , 46.30 , 33.00 ,,,,,,,,,,,,,,,,,,,,,,,,,,,,,,,,,,,,,,,,,,,,,,
28/1/2020, 7.50 , 55.00 , 1.03 , 46.50 , 31.55 ,,,,,,,,,,,,,,,,,,,,,,,,,,,,,,,,,,,,,,,,,,,,,,
29/1/2020, 8.05 , 54.00 , 1.10 , 47.50 , 32.80 ,,,,,,,,,,,,,,,,,,,,,,,,,,,,,,,,,,,,,,,,,,,,,,
30/1/2020, 8.14 , 55.50 , 1.03 , 46.50 , 30.50 ,,,,,,,,,,,,,,,,,,,,,,,,,,,,,,,,,,,,,,,,,,,,,,
31/1/2020, 8.14 , 53.50 , 1.00 , 45.20 , 32.00 ,,,,,,,,,,,,,,,,,,,,,,,,,,,,,,,,,,,,,,,,,,,,,,
3/2/2020, 8.14 , 53.60 , 1.03 , 46.00 , 31.00 ,,,,,,,,,,,,,,,,,,,,,,,,,,,,,,,,,,,,,,,,,,,,,,
4/2/2020, 8.05 , 57.00 , #N/A N/A , 46.00 , 32.00 ,,,,,,,,,,,,,,,,,,,,,,,,,,,,,,,,,,,,,,,,,,,,,,
5/2/2020, 8.00 , 55.00 , 1.01 , 45.00 , 31.50 ,,,,,,,,,,,,,,,,,,,,,,,,,,,,,,,,,,,,,,,,,,,,,,
6/2/2020, 8.05 , 56.99 , 1.00 , 43.70 , 31.40 ,,,,,,,,,,,,,,,,,,,,,,,,,,,,,,,,,,,,,,,,,,,,,,
7/2/2020, 8.09 , 54.50 , 1.00 , 43.00 , 30.00 ,,,,,,,,,,,,,,,,,,,,,,,,,,,,,,,,,,,,,,,,,,,,,,
10/2/2020, 8.01 , 53.40 , 1.05 , 43.20 , 31.00 ,,,,,,,,,,,,,,,,,,,,,,,,,,,,,,,,,,,,,,,,,,,,,,
11/2/2020, 8.05 , 53.50 , 1.00 , 43.10 , 29.10 ,,,,,,,,,,,,,,,,,,,,,,,,,,,,,,,,,,,,,,,,,,,,,,
12/2/2020, 8.02 , 53.50 , 1.03 , 44.50 , 29.00 ,,,,,,,,,,,,,,,,,,,,,,,,,,,,,,,,,,,,,,,,,,,,,,
13/2/2020, 8.10 , 54.00 , 1.05 , 43.50 , 30.99 ,,,,,,,,,,,,,,,,,,,,,,,,,,,,,,,,,,,,,,,,,,,,,,
14/2/2020, 8.10 , 54.00 , #N/A N/A , 45.29 , 31.00 ,,,,,,,,,,,,,,,,,,,,,,,,,,,,,,,,,,,,,,,,,,,,,,
17/2/2020, 7.90 , 54.00 , 1.01 , 46.00 , 32.00 ,,,,,,,,,,,,,,,,,,,,,,,,,,,,,,,,,,,,,,,,,,,,,,
18/2/2020, 8.07 , 54.00 , 0.99 , 46.19 , 31.50 ,,,,,,,,,,,,,,,,,,,,,,,,,,,,,,,,,,,,,,,,,,,,,,
19/2/2020, 8.10 , 53.50 , 1.05 , 45.40 , 31.40 ,,,,,,,,,,,,,,,,,,,,,,,,,,,,,,,,,,,,,,,,,,,,,,
20/2/2020, 8.00 , 53.35 , 1.05 , 45.00 , 29.50 ,,,,,,,,,,,,,,,,,,,,,,,,,,,,,,,,,,,,,,,,,,,,,,
21/2/2020, 8.06 , 54.00 , 1.05 , 45.05 , 31.50 ,,,,,,,,,,,,,,,,,,,,,,,,,,,,,,,,,,,,,,,,,,,,,,
24/2/2020, 7.95 , 55.50 , 1.05 , 45.45 , 31.50 ,,,,,,,,,,,,,,,,,,,,,,,,,,,,,,,,,,,,,,,,,,,,,,
25/2/2020, 7.85 , 53.15 , 1.08 , 44.00 , 30.90 ,,,,,,,,,,,,,,,,,,,,,,,,,,,,,,,,,,,,,,,,,,,,,,
27/2/2020, 7.80 , 54.00 , 1.10 , 42.00 , 31.50 ,,,,,,,,,,,,,,,,,,,,,,,,,,,,,,,,,,,,,,,,,,,,,,
28/2/2020, 8.05 , 54.00 , 1.10 , 42.00 , 30.10 ,,,,,,,,,,,,,,,,,,,,,,,,,,,,,,,,,,,,,,,,,,,,,,
2/3/2020, 7.98 , 54.50 , 1.15 , 42.10 , 27.50 ,,,,,,,,,,,,,,,,,,,,,,,,,,,,,,,,,,,,,,,,,,,,,,
3/3/2020, 7.90 , 55.00 , 1.07 , 41.00 , 29.00 ,,,,,,,,,,,,,,,,,,,,,,,,,,,,,,,,,,,,,,,,,,,,,,
4/3/2020, 7.95 , 53.00 , 1.15 , 39.01 , 26.51 ,,,,,,,,,,,,,,,,,,,,,,,,,,,,,,,,,,,,,,,,,,,,,,
5/3/2020, 7.56 , 50.30 , 1.05 , 39.00 , 26.00 ,,,,,,,,,,,,,,,,,,,,,,,,,,,,,,,,,,,,,,,,,,,,,,
6/3/2020, 7.40 , 46.00 , 1.10 , 39.80 , 27.00 ,,,,,,,,,,,,,,,,,,,,,,,,,,,,,,,,,,,,,,,,,,,,,,
9/3/2020, 7.54 , 54.27 , 1.04 , 38.05 , 24.34 ,,,,,,,,,,,,,,,,,,,,,,,,,,,,,,,,,,,,,,,,,,,,,,
11/3/2020, 7.40 , 51.02 , 1.00 , 37.71 , 21.63 ,,,,,,,,,,,,,,,,,,,,,,,,,,,,,,,,,,,,,,,,,,,,,,
12/3/2020, 7.27 , 50.01 , 1.00 , 37.54 , 20.30 ,,,,,,,,,,,,,,,,,,,,,,,,,,,,,,,,,,,,,,,,,,,,,,
13/3/2020, 7.18 , 49.27 , 1.10 , 37.89 , 20.77 ,,,,,,,,,,,,,,,,,,,,,,,,,,,,,,,,,,,,,,,,,,,,,,
16/3/2020, 7.14 , 46.81 , 1.10 , 37.24 , 21.12 ,,,,,,,,,,,,,,,,,,,,,,,,,,,,,,,,,,,,,,,,,,,,,,
18/3/2020, 6.61 , 45.96 , 1.02 , 37.48 , 19.54 ,,,,,,,,,,,,,,,,,,,,,,,,,,,,,,,,,,,,,,,,,,,,,,
19/3/2020, 6.03 , 45.70 , 0.99 , 37.44 , 20.03 ,,,,,,,,,,,,,,,,,,,,,,,,,,,,,,,,,,,,,,,,,,,,,,
20/3/2020, 6.01 , 40.41 , 0.99 , 36.46 , 19.05 ,,,,,,,,,,,,,,,,,,,,,,,,,,,,,,,,,,,,,,,,,,,,,,
23/3/2020, 6.10 , 39.55 , 0.85 , 35.90 , 18.83 ,,,,,,,,,,,,,,,,,,,,,,,,,,,,,,,,,,,,,,,,,,,,,,
24/3/2020, 6.01 , 38.73 , 0.86 , 34.33 , 19.05 ,,,,,,,,,,,,,,,,,,,,,,,,,,,,,,,,,,,,,,,,,,,,,,
25/3/2020, 6.00 , 35.74 , 0.86 , 33.48 , 16.05 ,,,,,,,,,,,,,,,,,,,,,,,,,,,,,,,,,,,,,,,,,,,,,,
26/3/2020, 6.71 , 40.57 , 0.86 , 33.59 , 16.74 ,,,,,,,,,,,,,,,,,,,,,,,,,,,,,,,,,,,,,,,,,,,,,,
27/3/2020, 6.66 , 45.18 , 0.89 , 34.55 , 18.69 ,,,,,,,,,,,,,,,,,,,,,,,,,,,,,,,,,,,,,,,,,,,,,,
30/3/2020, 6.52 , 45.12 , 0.93 , 36.07 , 19.12 ,,,,,,,,,,,,,,,,,,,,,,,,,,,,,,,,,,,,,,,,,,,,,,
31/3/2020, 6.61 , 46.71 , 0.93 , 38.01 , 21.60 ,,,,,,,,,,,,,,,,,,,,,,,,,,,,,,,,,,,,,,,,,,,,,,
1/4/2020, 6.75 , 46.66 , 0.86 , 38.05 , 22.54 ,,,,,,,,,,,,,,,,,,,,,,,,,,,,,,,,,,,,,,,,,,,,,,
2/4/2020, 6.75 , 47.05 , 0.93 , 37.98 , 22.79 ,,,,,,,,,,,,,,,,,,,,,,,,,,,,,,,,,,,,,,,,,,,,,,
3/4/2020, 6.66 , 47.98 , 0.86 , 38.14 , 22.47 ,,,,,,,,,,,,,,,,,,,,,,,,,,,,,,,,,,,,,,,,,,,,,,
6/4/2020, 6.72 , 47.96 , 1.01 , 38.13 , 22.45 ,,,,,,,,,,,,,,,,,,,,,,,,,,,,,,,,,,,,,,,,,,,,,,
7/4/2020, 6.70 , 47.99 , 0.98 , 38.40 , 22.41 ,,,,,,,,,,,,,,,,,,,,,,,,,,,,,,,,,,,,,,,,,,,,,,
8/4/2020, 6.74 , 47.81 , 0.93 , 38.34 , 23.15 ,,,,,,,,,,,,,,,,,,,,,,,,,,,,,,,,,,,,,,,,,,,,,,
9/4/2020, 6.75 , 47.94 , 0.93 , 38.41 , 23.02 ,,,,,,,,,,,,,,,,,,,,,,,,,,,,,,,,,,,,,,,,,,,,,,
14/4/2020, 6.75 , 47.99 , 1.01 , 38.82 , 24.04 ,,,,,,,,,,,,,,,,,,,,,,,,,,,,,,,,,,,,,,,,,,,,,,
15/4/2020, 6.70 , 47.89 , 0.99 , 38.43 , 22.93 ,,,,,,,,,,,,,,,,,,,,,,,,,,,,,,,,,,,,,,,,,,,,,,
16/4/2020, 6.62 , 47.55 , 0.93 , 35.91 , 22.92 ,,,,,,,,,,,,,,,,,,,,,,,,,,,,,,,,,,,,,,,,,,,,,,
17/4/2020, 6.51 , 46.37 , 0.96 , 37.46 , 22.48 ,,,,,,,,,,,,,,,,,,,,,,,,,,,,,,,,,,,,,,,,,,,,,,
20/4/2020, 6.32 , 45.42 , 0.96 , 36.95 , 21.46 ,,,,,,,,,,,,,,,,,,,,,,,,,,,,,,,,,,,,,,,,,,,,,,
21/4/2020, 6.26 , 45.28 , 0.89 , 36.34 , 21.28 ,,,,,,,,,,,,,,,,,,,,,,,,,,,,,,,,,,,,,,,,,,,,,,
22/4/2020, 6.38 , 47.22 , 0.89 , 37.31 , 20.35 ,,,,,,,,,,,,,,,,,,,,,,,,,,,,,,,,,,,,,,,,,,,,,,
23/4/2020, 6.31 , 45.03 , 0.90 , 35.12 , 20.63 ,,,,,,,,,,,,,,,,,,,,,,,,,,,,,,,,,,,,,,,,,,,,,,
24/4/2020, 6.73 , 45.84 , 0.87 , 34.85 , 20.89 ,,,,,,,,,,,,,,,,,,,,,,,,,,,,,,,,,,,,,,,,,,,,,,
27/4/2020, 6.59 , 44.89 , 0.90 , 34.90 , 20.63 ,,,,,,,,,,,,,,,,,,,,,,,,,,,,,,,,,,,,,,,,,,,,,,
28/4/2020, 6.29 , 36.60 , 0.90 , 33.65 , 20.71 ,,,,,,,,,,,,,,,,,,,,,,,,,,,,,,,,,,,,,,,,,,,,,,
5/5/2020, 6.43 , 44.27 , 0.80 , 33.07 , 20.70 ,,,,,,,,,,,,,,,,,,,,,,,,,,,,,,,,,,,,,,,,,,,,,,
6/5/2020, 6.43 , 44.50 , 0.85 , 33.99 , 20.72 ,,,,,,,,,,,,,,,,,,,,,,,,,,,,,,,,,,,,,,,,,,,,,,
7/5/2020, 6.46 , 44.03 , 0.90 , 33.81 , 20.98 ,,,,,,,,,,,,,,,,,,,,,,,,,,,,,,,,,,,,,,,,,,,,,,
8/5/2020, 6.50 , 46.23 , 0.90 , 33.20 , 20.86 ,,,,,,,,,,,,,,,,,,,,,,,,,,,,,,,,,,,,,,,,,,,,,,
11/5/2020, 6.50 , 47.03 , 0.85 , 33.38 , 20.88 ,,,,,,,,,,,,,,,,,,,,,,,,,,,,,,,,,,,,,,,,,,,,,,
15/5/2020, 6.50 , 44.95 , 0.80 , 33.96 , 20.80 ,,,,,,,,,,,,,,,,,,,,,,,,,,,,,,,,,,,,,,,,,,,,,,
18/5/2020, 6.50 , 44.86 , 0.80 , 34.01 , 20.83 ,,,,,,,,,,,,,,,,,,,,,,,,,,,,,,,,,,,,,,,,,,,,,,
19/5/2020, 6.43 , 43.98 , 0.79 , 34.02 , 20.92 ,,,,,,,,,,,,,,,,,,,,,,,,,,,,,,,,,,,,,,,,,,,,,,
21/5/2020, 6.50 , 44.79 , 0.84 , 34.00 , 20.32 ,,,,,,,,,,,,,,,,,,,,,,,,,,,,,,,,,,,,,,,,,,,,,,
28/5/2020, 6.54 , 45.29 , 0.90 , 33.81 , 20.74 ,,,,,,,,,,,,,,,,,,,,,,,,,,,,,,,,,,,,,,,,,,,,,,
29/5/2020, 6.62 , 45.65 , 0.82 , 33.67 , 21.03 ,,,,,,,,,,,,,,,,,,,,,,,,,,,,,,,,,,,,,,,,,,,,,,
1/6/2020, 6.49 , 45.43 , 0.90 , 33.91 , 21.17 ,,,,,,,,,,,,,,,,,,,,,,,,,,,,,,,,,,,,,,,,,,,,,,
4/6/2020, 6.49 , 46.08 , 0.90 , 33.96 , 20.58 ,,,,,,,,,,,,,,,,,,,,,,,,,,,,,,,,,,,,,,,,,,,,,,
5/6/2020, 6.50 , 44.17 , 0.87 , 33.97 , 21.92 ,,,,,,,,,,,,,,,,,,,,,,,,,,,,,,,,,,,,,,,,,,,,,,
8/6/2020, 8.49 , 57.99 , 1.20 , 47.00 , 27.99 ,,,,,,,,,,,,,,,,,,,,,,,,,,,,,,,,,,,,,,,,,,,,,,
9/6/2020, 6.49 , 47.30 , 0.87 , 33.93 , 20.42 ,,,,,,,,,,,,,,,,,,,,,,,,,,,,,,,,,,,,,,,,,,,,,,
10/6/2020, 6.49 , 43.19 , 0.81 , 33.75 , 20.92 ,,,,,,,,,,,,,,,,,,,,,,,,,,,,,,,,,,,,,,,,,,,,,,
11/6/2020, 6.50 , 45.40 , 0.85 , 33.70 , 21.08 ,,,,,,,,,,,,,,,,,,,,,,,,,,,,,,,,,,,,,,,,,,,,,,
12/6/2020, 6.46 , 44.64 , 0.85 , 33.75 , 21.70 ,,,,,,,,,,,,,,,,,,,,,,,,,,,,,,,,,,,,,,,,,,,,,,
15/6/2020, 6.42 , 44.68 , 0.80 , 33.52 , 20.22 ,,,,,,,,,,,,,,,,,,,,,,,,,,,,,,,,,,,,,,,,,,,,,,
16/6/2020, 6.41 , 43.50 , 0.89 , 33.11 , 20.86 ,,,,,,,,,,,,,,,,,,,,,,,,,,,,,,,,,,,,,,,,,,,,,,
17/6/2020, 6.40 , 46.11 , 0.90 , 33.34 , 21.18 ,,,,,,,,,,,,,,,,,,,,,,,,,,,,,,,,,,,,,,,,,,,,,,
18/6/2020, 6.40 , 46.44 , 0.97 , 33.30 , 21.79 ,,,,,,,,,,,,,,,,,,,,,,,,,,,,,,,,,,,,,,,,,,,,,,
19/6/2020, 6.40 , 43.18 , 0.99 , 33.39 , 21.84 ,,,,,,,,,,,,,,,,,,,,,,,,,,,,,,,,,,,,,,,,,,,,,,
22/6/2020, 6.42 , 43.19 , 1.05 , 33.32 , 22.41 ,,,,,,,,,,,,,,,,,,,,,,,,,,,,,,,,,,,,,,,,,,,,,,
23/6/2020, 6.43 , 42.93 , 0.95 , 32.53 , 20.21 ,,,,,,,,,,,,,,,,,,,,,,,,,,,,,,,,,,,,,,,,,,,,,,
24/6/2020, 6.35 , 44.67 , 1.05 , 32.98 , 21.65 ,,,,,,,,,,,,,,,,,,,,,,,,,,,,,,,,,,,,,,,,,,,,,,
25/6/2020, 6.50 , 44.19 , 1.00 , 33.06 , 20.23 ,,,,,,,,,,,,,,,,,,,,,,,,,,,,,,,,,,,,,,,,,,,,,,
26/6/2020, 6.44 , 46.22 , 1.06 , 33.00 , 20.38 ,,,,,,,,,,,,,,,,,,,,,,,,,,,,,,,,,,,,,,,,,,,,,,
29/6/2020, 6.49 , 45.72 , 1.05 , 32.29 , 21.42 ,,,,,,,,,,,,,,,,,,,,,,,,,,,,,,,,,,,,,,,,,,,,,,
30/6/2020, 6.48 , 45.53 , 1.01 , 32.60 , 21.54 ,,,,,,,,,,,,,,,,,,,,,,,,,,,,,,,,,,,,,,,,,,,,,,
1/7/2020, 6.50 , 44.50 , 1.01 , 31.56 , 21.59 ,,,,,,,,,,,,,,,,,,,,,,,,,,,,,,,,,,,,,,,,,,,,,,
2/7/2020, 6.50 , 44.96 , 1.01 , 31.46 , 21.52 ,,,,,,,,,,,,,,,,,,,,,,,,,,,,,,,,,,,,,,,,,,,,,,
3/7/2020, 6.48 , 47.15 , 1.04 , 31.43 , 21.50 ,,,,,,,,,,,,,,,,,,,,,,,,,,,,,,,,,,,,,,,,,,,,,,
6/7/2020, 6.49 , 43.99 , 0.95 , 31.19 , 21.54 ,,,,,,,,,,,,,,,,,,,,,,,,,,,,,,,,,,,,,,,,,,,,,,
7/7/2020, 6.47 , 43.64 , 1.02 , 30.32 , 21.50 ,,,,,,,,,,,,,,,,,,,,,,,,,,,,,,,,,,,,,,,,,,,,,,
8/7/2020, 6.50 , 43.07 , 1.02 , 31.13 , 21.50 ,,,,,,,,,,,,,,,,,,,,,,,,,,,,,,,,,,,,,,,,,,,,,,
9/7/2020, 6.50 , 43.13 , 1.01 , 31.01 , 21.52 ,,,,,,,,,,,,,,,,,,,,,,,,,,,,,,,,,,,,,,,,,,,,,,
10/7/2020, 6.49 , 43.58 , 1.01 , 30.72 , 21.50 ,,,,,,,,,,,,,,,,,,,,,,,,,,,,,,,,,,,,,,,,,,,,,,
13/7/2020, 6.48 , 43.81 , 1.01 , 30.70 , 21.52 ,,,,,,,,,,,,,,,,,,,,,,,,,,,,,,,,,,,,,,,,,,,,,,
14/7/2020, 6.50 , 42.91 , 0.95 , 30.66 , 21.50 ,,,,,,,,,,,,,,,,,,,,,,,,,,,,,,,,,,,,,,,,,,,,,,
16/7/2020, 6.48 , 43.17 , 1.00 , 31.46 , 21.51 ,,,,,,,,,,,,,,,,,,,,,,,,,,,,,,,,,,,,,,,,,,,,,,
23/7/2020, 6.50 , 45.44 , 1.01 , 31.60 , 21.52 ,,,,,,,,,,,,,,,,,,,,,,,,,,,,,,,,,,,,,,,,,,,,,,
24/7/2020, 6.49 , 44.55 , 1.00 , 31.48 , 21.54 ,,,,,,,,,,,,,,,,,,,,,,,,,,,,,,,,,,,,,,,,,,,,,,
29/7/2020, 6.49 , 45.00 , 0.95 , 31.66 , 21.52 ,,,,,,,,,,,,,,,,,,,,,,,,,,,,,,,,,,,,,,,,,,,,,,
31/7/2020, 6.50 , 43.12 , 0.97 , 31.31 , 22.00 ,,,,,,,,,,,,,,,,,,,,,,,,,,,,,,,,,,,,,,,,,,,,,,
4/8/2020, 6.75 , 47.53 , 0.85 , 31.53 , 23.13 ,,,,,,,,,,,,,,,,,,,,,,,,,,,,,,,,,,,,,,,,,,,,,,
5/8/2020, 6.71 , 45.47 , 1.00 , 30.97 , 22.50 ,,,,,,,,,,,,,,,,,,,,,,,,,,,,,,,,,,,,,,,,,,,,,,
11/8/2020, 6.68 , 45.33 , 1.01 , 31.28 , 20.38 ,,,,,,,,,,,,,,,,,,,,,,,,,,,,,,,,,,,,,,,,,,,,,,
13/8/2020, 6.57 , 47.08 , 0.99 , 30.22 , 19.41 ,,,,,,,,,,,,,,,,,,,,,,,,,,,,,,,,,,,,,,,,,,,,,,
14/8/2020, 6.47 , 44.73 , 0.99 , 30.27 , 19.39 ,,,,,,,,,,,,,,,,,,,,,,,,,,,,,,,,,,,,,,,,,,,,,,
17/8/2020, 6.48 , 45.13 , 0.98 , 30.34 , 20.05 ,,,,,,,,,,,,,,,,,,,,,,,,,,,,,,,,,,,,,,,,,,,,,,
18/8/2020, 6.59 , 46.25 , 0.96 , 30.01 , 19.44 ,,,,,,,,,,,,,,,,,,,,,,,,,,,,,,,,,,,,,,,,,,,,,,
19/8/2020, 6.58 , 46.50 , 0.96 , 30.40 , 20.50 ,,,,,,,,,,,,,,,,,,,,,,,,,,,,,,,,,,,,,,,,,,,,,,
20/8/2020, 6.69 , 46.23 , 0.98 , 30.67 , 18.84 ,,,,,,,,,,,,,,,,,,,,,,,,,,,,,,,,,,,,,,,,,,,,,,
21/8/2020, 6.67 , 45.89 , 0.96 , 31.07 , 20.19 ,,,,,,,,,,,,,,,,,,,,,,,,,,,,,,,,,,,,,,,,,,,,,,
24/8/2020, 6.49 , 52.57 , 0.95 , 30.47 , 20.14 ,,,,,,,,,,,,,,,,,,,,,,,,,,,,,,,,,,,,,,,,,,,,,,
25/8/2020, 6.58 , 46.14 , 0.96 , 30.86 , 19.36 ,,,,,,,,,,,,,,,,,,,,,,,,,,,,,,,,,,,,,,,,,,,,,,
26/8/2020, 6.30 , 47.61 , 0.96 , 30.93 , 19.21 ,,,,,,,,,,,,,,,,,,,,,,,,,,,,,,,,,,,,,,,,,,,,,,
27/8/2020, 6.50 , 46.99 , 0.98 , 30.00 , 18.25 ,,,,,,,,,,,,,,,,,,,,,,,,,,,,,,,,,,,,,,,,,,,,,,
28/8/2020, 6.30 , 47.38 , 0.95 , 30.02 , 18.84 ,,,,,,,,,,,,,,,,,,,,,,,,,,,,,,,,,,,,,,,,,,,,,,
31/8/2020, 6.48 , 49.98 , 0.95 , 30.09 , 19.01 ,,,,,,,,,,,,,,,,,,,,,,,,,,,,,,,,,,,,,,,,,,,,,,
1/9/2020, 6.49 , 46.73 , 0.98 , 30.06 , 20.96 ,,,,,,,,,,,,,,,,,,,,,,,,,,,,,,,,,,,,,,,,,,,,,,
2/9/2020, 6.49 , 47.02 , 0.98 , 29.79 , 20.98 ,,,,,,,,,,,,,,,,,,,,,,,,,,,,,,,,,,,,,,,,,,,,,,
4/9/2020, 6.45 , 48.00 , 0.92 , 29.97 , 20.75 ,,,,,,,,,,,,,,,,,,,,,,,,,,,,,,,,,,,,,,,,,,,,,,
7/9/2020, 6.50 , 47.06 , 0.92 , 29.98 , 18.56 ,,,,,,,,,,,,,,,,,,,,,,,,,,,,,,,,,,,,,,,,,,,,,,
8/9/2020, 6.49 , 47.14 , 0.92 , 29.77 , 19.03 ,,,,,,,,,,,,,,,,,,,,,,,,,,,,,,,,,,,,,,,,,,,,,,
9/9/2020, 6.50 , 48.13 , 0.92 , 29.33 , 20.13 ,,,,,,,,,,,,,,,,,,,,,,,,,,,,,,,,,,,,,,,,,,,,,,
10/9/2020, 6.49 , 48.02 , 0.92 , 29.91 , 19.44 ,,,,,,,,,,,,,,,,,,,,,,,,,,,,,,,,,,,,,,,,,,,,,,
11/9/2020, 6.49 , 50.00 , 0.93 , 29.50 , 18.79 ,,,,,,,,,,,,,,,,,,,,,,,,,,,,,,,,,,,,,,,,,,,,,,
14/9/2020, 6.49 , 49.38 , 0.93 , 29.24 , 19.99 ,,,,,,,,,,,,,,,,,,,,,,,,,,,,,,,,,,,,,,,,,,,,,,
15/9/2020, 6.47 , 49.82 , 0.93 , 30.14 , 18.20 ,,,,,,,,,,,,,,,,,,,,,,,,,,,,,,,,,,,,,,,,,,,,,,
16/9/2020, 6.50 , 47.84 , 0.92 , 29.11 , 19.18 ,,,,,,,,,,,,,,,,,,,,,,,,,,,,,,,,,,,,,,,,,,,,,,
17/9/2020, 6.49 , 47.17 , 0.93 , 29.12 , 19.00 ,,,,,,,,,,,,,,,,,,,,,,,,,,,,,,,,,,,,,,,,,,,,,,
18/9/2020, 6.50 , 50.78 , 0.93 , 29.46 , 18.39 ,,,,,,,,,,,,,,,,,,,,,,,,,,,,,,,,,,,,,,,,,,,,,,
21/9/2020, 6.49 , 46.56 , 0.93 , 29.39 , 18.18 ,,,,,,,,,,,,,,,,,,,,,,,,,,,,,,,,,,,,,,,,,,,,,,
22/9/2020, 6.50 , 49.00 , 0.93 , 29.19 , 18.03 ,,,,,,,,,,,,,,,,,,,,,,,,,,,,,,,,,,,,,,,,,,,,,,
23/9/2020, 6.50 , 47.00 , 0.93 , 29.30 , 18.93 ,,,,,,,,,,,,,,,,,,,,,,,,,,,,,,,,,,,,,,,,,,,,,,
24/9/2020, 6.45 , 48.76 , 0.93 , 29.06 , 18.50 ,,,,,,,,,,,,,,,,,,,,,,,,,,,,,,,,,,,,,,,,,,,,,,
25/9/2020, 6.50 , 48.50 , 0.93 , 29.50 , 18.49 ,,,,,,,,,,,,,,,,,,,,,,,,,,,,,,,,,,,,,,,,,,,,,,
28/9/2020, 6.50 , 47.14 , 0.96 , 29.74 , 18.45 ,,,,,,,,,,,,,,,,,,,,,,,,,,,,,,,,,,,,,,,,,,,,,,
29/9/2020, 6.50 , 49.90 , 0.98 , 28.01 , 18.45 ,,,,,,,,,,,,,,,,,,,,,,,,,,,,,,,,,,,,,,,,,,,,,,
30/9/2020, 6.49 , 49.88 , 0.98 , 31.00 , 19.85 ,,,,,,,,,,,,,,,,,,,,,,,,,,,,,,,,,,,,,,,,,,,,,,
1/10/2020, 6.50 , 49.48 , #N/A N/A , 29.07 , 19.07 ,,,,,,,,,,,,,,,,,,,,,,,,,,,,,,,,,,,,,,,,,,,,,,
2/10/2020, 6.50 , 49.48 , 0.95 , 29.10 , 18.21 ,,,,,,,,,,,,,,,,,,,,,,,,,,,,,,,,,,,,,,,,,,,,,,
5/10/2020, 6.41 , 46.31 , 0.95 , 29.50 , 18.50 ,,,,,,,,,,,,,,,,,,,,,,,,,,,,,,,,,,,,,,,,,,,,,,
6/10/2020, 6.45 , 49.78 , 0.92 , 29.40 , 18.89 ,,,,,,,,,,,,,,,,,,,,,,,,,,,,,,,,,,,,,,,,,,,,,,
7/10/2020, 6.44 , 46.38 , 0.99 , 29.30 , 19.10 ,,,,,,,,,,,,,,,,,,,,,,,,,,,,,,,,,,,,,,,,,,,,,,
8/10/2020, 6.44 , 49.97 , 0.91 , 30.00 , 18.35 ,,,,,,,,,,,,,,,,,,,,,,,,,,,,,,,,,,,,,,,,,,,,,,
9/10/2020, 6.35 , 48.50 , #N/A N/A , 30.00 , 18.30 ,,,,,,,,,,,,,,,,,,,,,,,,,,,,,,,,,,,,,,,,,,,,,,
12/10/2020, 6.50 , 48.80 , 0.91 , 29.00 , 17.95 ,,,,,,,,,,,,,,,,,,,,,,,,,,,,,,,,,,,,,,,,,,,,,,
13/10/2020, 6.50 , 46.74 , #N/A N/A , 29.00 , 18.05 ,,,,,,,,,,,,,,,,,,,,,,,,,,,,,,,,,,,,,,,,,,,,,,
14/10/2020, 6.50 , 46.41 , 0.92 , 29.00 , 17.50 ,,,,,,,,,,,,,,,,,,,,,,,,,,,,,,,,,,,,,,,,,,,,,,
15/10/2020, 6.49 , 46.38 , 0.98 , 29.00 , 17.50 ,,,,,,,,,,,,,,,,,,,,,,,,,,,,,,,,,,,,,,,,,,,,,,
16/10/2020, 6.49 , 48.44 , #N/A N/A , 29.00 , 17.50 ,,,,,,,,,,,,,,,,,,,,,,,,,,,,,,,,,,,,,,,,,,,,,,
20/10/2020, 6.49 , 48.50 , 0.97 , 28.88 , 17.50 ,,,,,,,,,,,,,,,,,,,,,,,,,,,,,,,,,,,,,,,,,,,,,,
21/10/2020, 6.45 , 46.32 , 0.95 , 29.73 , 17.50 ,,,,,,,,,,,,,,,,,,,,,,,,,,,,,,,,,,,,,,,,,,,,,,
22/10/2020, 6.45 , 46.01 , 0.90 , 30.00 , 18.15 ,,,,,,,,,,,,,,,,,,,,,,,,,,,,,,,,,,,,,,,,,,,,,,
23/10/2020, 6.49 , 48.44 , 0.98 , 30.00 , 18.00 ,,,,,,,,,,,,,,,,,,,,,,,,,,,,,,,,,,,,,,,,,,,,,,
26/10/2020, 6.49 , 46.00 , 0.90 , 30.00 , 17.99 ,,,,,,,,,,,,,,,,,,,,,,,,,,,,,,,,,,,,,,,,,,,,,,
27/10/2020, 6.47 , 46.00 , 0.90 , 29.50 , 17.50 ,,,,,,,,,,,,,,,,,,,,,,,,,,,,,,,,,,,,,,,,,,,,,,
28/10/2020, 6.49 , 45.30 , 0.92 , 29.05 , 18.00 ,,,,,,,,,,,,,,,,,,,,,,,,,,,,,,,,,,,,,,,,,,,,,,
29/10/2020, 6.49 , 46.00 , 0.90 , 29.52 , 17.51 ,,,,,,,,,,,,,,,,,,,,,,,,,,,,,,,,,,,,,,,,,,,,,,
30/10/2020, 6.49 , 45.50 , 0.90 , 30.00 , 18.25 ,,,,,,,,,,,,,,,,,,,,,,,,,,,,,,,,,,,,,,,,,,,,,,
2/11/2020, 6.45 , 44.50 , 1.02 , 30.12 , 18.25 ,,,,,,,,,,,,,,,,,,,,,,,,,,,,,,,,,,,,,,,,,,,,,,
3/11/2020, 6.45 , 44.00 , 1.01 , 30.70 , 17.55 ,,,,,,,,,,,,,,,,,,,,,,,,,,,,,,,,,,,,,,,,,,,,,,
4/11/2020, 6.49 , 45.00 , 0.90 , 31.25 , 18.00 ,,,,,,,,,,,,,,,,,,,,,,,,,,,,,,,,,,,,,,,,,,,,,,
5/11/2020, 6.49 , 44.20 , 0.90 , 30.05 , 17.60 ,,,,,,,,,,,,,,,,,,,,,,,,,,,,,,,,,,,,,,,,,,,,,,
6/11/2020, 6.49 , 45.00 , 1.03 , 31.90 , 18.45 ,,,,,,,,,,,,,,,,,,,,,,,,,,,,,,,,,,,,,,,,,,,,,,
9/11/2020, 6.51 , 44.83 , 1.03 , 31.80 , 17.81 ,,,,,,,,,,,,,,,,,,,,,,,,,,,,,,,,,,,,,,,,,,,,,,
10/11/2020, 6.70 , 44.61 , 1.00 , 31.62 , 18.48 ,,,,,,,,,,,,,,,,,,,,,,,,,,,,,,,,,,,,,,,,,,,,,,
11/11/2020, 6.60 , 46.00 , 1.00 , 31.75 , 18.43 ,,,,,,,,,,,,,,,,,,,,,,,,,,,,,,,,,,,,,,,,,,,,,,
12/11/2020, 6.60 , 47.75 , 1.00 , 31.55 , 18.20 ,,,,,,,,,,,,,,,,,,,,,,,,,,,,,,,,,,,,,,,,,,,,,,
13/11/2020, 6.60 , 48.15 , 1.00 , 31.51 , 17.97 ,,,,,,,,,,,,,,,,,,,,,,,,,,,,,,,,,,,,,,,,,,,,,,
16/11/2020, 6.60 , 46.72 , 0.95 , 31.50 , 18.20 ,,,,,,,,,,,,,,,,,,,,,,,,,,,,,,,,,,,,,,,,,,,,,,
17/11/2020, 6.60 , 47.95 , 0.97 , 31.89 , 18.20 ,,,,,,,,,,,,,,,,,,,,,,,,,,,,,,,,,,,,,,,,,,,,,,
18/11/2020, 6.60 , 45.06 , 0.95 , 32.00 , 18.32 ,,,,,,,,,,,,,,,,,,,,,,,,,,,,,,,,,,,,,,,,,,,,,,
19/11/2020, 6.59 , 45.20 , 0.95 , 32.00 , 19.00 ,,,,,,,,,,,,,,,,,,,,,,,,,,,,,,,,,,,,,,,,,,,,,,
20/11/2020, 6.55 , 46.00 , 0.95 , 31.98 , 19.00 ,,,,,,,,,,,,,,,,,,,,,,,,,,,,,,,,,,,,,,,,,,,,,,
23/11/2020, 6.50 , 46.85 , 0.98 , 31.90 , 19.87 ,,,,,,,,,,,,,,,,,,,,,,,,,,,,,,,,,,,,,,,,,,,,,,
24/11/2020, 6.45 , 46.85 , 0.88 , 33.00 , 19.90 ,,,,,,,,,,,,,,,,,,,,,,,,,,,,,,,,,,,,,,,,,,,,,,
25/11/2020, 6.48 , 45.14 , 0.98 , 32.35 , 19.00 ,,,,,,,,,,,,,,,,,,,,,,,,,,,,,,,,,,,,,,,,,,,,,,
26/11/2020, 6.45 , 45.10 , 0.98 , 33.00 , 18.62 ,,,,,,,,,,,,,,,,,,,,,,,,,,,,,,,,,,,,,,,,,,,,,,
27/11/2020, 6.43 , 47.99 , 0.98 , 35.00 , 19.50 ,,,,,,,,,,,,,,,,,,,,,,,,,,,,,,,,,,,,,,,,,,,,,,
30/11/2020, 6.50 , 46.00 , 0.88 , 35.00 , 21.00 ,,,,,,,,,,,,,,,,,,,,,,,,,,,,,,,,,,,,,,,,,,,,,,
1/12/2020, 6.45 , 45.00 , 0.98 , 33.22 , 20.75 ,,,,,,,,,,,,,,,,,,,,,,,,,,,,,,,,,,,,,,,,,,,,,,
2/12/2020, 6.43 , 45.00 , 0.98 , 35.00 , 20.00 ,,,,,,,,,,,,,,,,,,,,,,,,,,,,,,,,,,,,,,,,,,,,,,
3/12/2020, 6.42 , 45.00 , 0.98 , 33.00 , 20.00 ,,,,,,,,,,,,,,,,,,,,,,,,,,,,,,,,,,,,,,,,,,,,,,
4/12/2020, 6.47 , 44.50 , 0.98 , 35.00 , 19.55 ,,,,,,,,,,,,,,,,,,,,,,,,,,,,,,,,,,,,,,,,,,,,,,
7/12/2020, 6.49 , 47.49 , 0.77 , 35.01 , 20.00 ,,,,,,,,,,,,,,,,,,,,,,,,,,,,,,,,,,,,,,,,,,,,,,
8/12/2020, 6.45 , 43.12 , 0.98 , 33.01 , 19.50 ,,,,,,,,,,,,,,,,,,,,,,,,,,,,,,,,,,,,,,,,,,,,,,
9/12/2020, 6.46 , 44.00 , 0.98 , 35.00 , 18.27 ,,,,,,,,,,,,,,,,,,,,,,,,,,,,,,,,,,,,,,,,,,,,,,
10/12/2020, 6.46 , 41.41 , 0.82 , 35.00 , 18.76 ,,,,,,,,,,,,,,,,,,,,,,,,,,,,,,,,,,,,,,,,,,,,,,
11/12/2020, 6.50 , 46.50 , 0.82 , 34.00 , 18.28 ,,,,,,,,,,,,,,,,,,,,,,,,,,,,,,,,,,,,,,,,,,,,,,
14/12/2020, 6.43 , 45.00 , 0.82 , 34.00 , 18.76 ,,,,,,,,,,,,,,,,,,,,,,,,,,,,,,,,,,,,,,,,,,,,,,
15/12/2020, 6.51 , 45.00 , 0.97 , 34.50 , 19.99 ,,,,,,,,,,,,,,,,,,,,,,,,,,,,,,,,,,,,,,,,,,,,,,
16/12/2020, 6.59 , 45.00 , 0.97 , 33.00 , 18.76 ,,,,,,,,,,,,,,,,,,,,,,,,,,,,,,,,,,,,,,,,,,,,,,
17/12/2020, 6.55 , 44.00 , 0.98 , 32.00 , 19.45 ,,,,,,,,,,,,,,,,,,,,,,,,,,,,,,,,,,,,,,,,,,,,,,
18/12/2020, 6.43 , 44.50 , 0.98 , 35.00 , 19.50 ,,,,,,,,,,,,,,,,,,,,,,,,,,,,,,,,,,,,,,,,,,,,,,
21/12/2020, 6.59 , 43.48 , 0.98 , 32.07 , 19.50 ,,,,,,,,,,,,,,,,,,,,,,,,,,,,,,,,,,,,,,,,,,,,,,
22/12/2020, 6.59 , 42.51 , 0.90 , 33.00 , 19.45 ,,,,,,,,,,,,,,,,,,,,,,,,,,,,,,,,,,,,,,,,,,,,,,
23/12/2020, 7.00 , 45.00 , 0.98 , 32.99 , 19.85 ,,,,,,,,,,,,,,,,,,,,,,,,,,,,,,,,,,,,,,,,,,,,,,
24/12/2020, 7.35 , 45.00 , 0.98 , 34.00 , 19.70 ,,,,,,,,,,,,,,,,,,,,,,,,,,,,,,,,,,,,,,,,,,,,,,
28/12/2020, 7.25 , 44.95 , 0.98 , 33.50 , 19.62 ,,,,,,,,,,,,,,,,,,,,,,,,,,,,,,,,,,,,,,,,,,,,,,
29/12/2020, 6.99 , 43.51 , 0.99 , 31.75 , 19.72 ,,,,,,,,,,,,,,,,,,,,,,,,,,,,,,,,,,,,,,,,,,,,,,
30/12/2020, 7.30 , 44.95 , 0.98 , 33.97 , 19.99 ,,,,,,,,,,,,,,,,,,,,,,,,,,,,,,,,,,,,,,,,,,,,,,
31/12/2020, 7.25 , 44.25 , 0.98 , 36.50 , 20.04 ,,,,,,,,,,,,,,,,,,,,,,,,,,,,,,,,,,,,,,,,,,,,,,
